job_id,company_name,industry,job_title,relevant_course,monthly_allowance,work_mode,duration_months,required_skills,location_district,job_description
1,PwC Singapore,Professional Services,Financial and Risk Analyst Intern,Accountancy,1400,Hybrid,8,"Financial Modeling, Audit, Excel, Risk Assessment",CBD / Marina Bay,"Assist senior analysts in auditing client financial statements, performing risk assessments, and preparing internal controls reports."
2,Deloitte Singapore,Accounting & Advisory,Audit & Assurance Intern,Accountancy,1400,On-site,12,"Audit, IFRS, Financial Analysis, Excel",CBD / Marina Bay,"Support audit engagements across various sectors by testing controls, verifying account balances, and drafting working papers."
3,KPMG Singapore,Consulting & Accounting,Taxation Consultant Intern,Accountancy,1350,Hybrid,8,"Singapore Tax Law, Corporate Tax, Financial Accounting",CBD / Marina Bay,"Help prepare corporate tax returns, assist in transfer pricing documentation, and research local tax regulations for clients."
4,EY Singapore,Professional Services,Forensic Accountant Intern,Accountancy,1450,Hybrid,8,"Data Analytics, Fraud Detection, Excel, Forensic Accounting",CBD / Marina Bay,"Analyze transaction records to identify financial discrepancies, assist in fraud investigations, and draft investigative findings."
5,DBS Bank,Banking & Financial Services,Management and Taxation Consultant Intern,Accountancy,1800,Hybrid,12,"Financial Reporting, SAP, Tax Analytics, Excel",Marina Bay,"Work with group tax and finance teams to streamline regulatory compliance, support financial reporting, and model tax impacts."
6,SIA Engineering Company,Aerospace & MRO,Licensed Aircraft Engineer Trainee,Aircraft Systems Engineering,1600,On-site,12,"Aircraft Maintenance, Avionics, Mechanical Systems, CAD",Changi,"Work alongside licensed aircraft engineers in commercial aircraft line and base maintenance, inspection, and troubleshooting."
7,ST Engineering Aerospace,Defense & Aerospace,Engine MRO Engineer Intern,Aircraft Systems Engineering,1500,On-site,8,"Jet Engine Systems, Quality Assurance, Mechanical Engineering",Paya Lebar,"Participate in turbine engine overhaul, component disassembly, dimensional inspection, and technical report drafting."
8,Jet Aviation Singapore,Aviation & Aerospace,Technical Service Engineer Intern,Aircraft Systems Engineering,1450,On-site,12,"Technical Documentation, Airworthiness Regulations, Maintenance Planning",Seletar,"Assist in evaluating Service Bulletins, updating maintenance schedules, and monitoring fleet technical status for business jets."
9,Singapore Airlines,Aviation & Transport,Fleet Manager Intern,Aircraft Systems Engineering,1600,Hybrid,8,"Fleet Analytics, Maintenance Planning, Aviation Safety, Excel",Changi,"Support fleet performance analysis, evaluate aircraft reliability metrics, and optimize preventive maintenance schedules."
10,GovTech Singapore,Public Sector & Tech,AI Application Engineer Intern,Applied Artificial Intelligence,2800,Hybrid,12,"Python, PyTorch, LLMs, REST APIs, Docker",One-North,"Develop and deploy generative AI microservices for public sector applications, fine-tuning open-source models on domain datasets."
11,Grab Singapore,Technology,Machine Learning Engineer Intern,Applied Artificial Intelligence,3200,Hybrid,12,"Python, TensorFlow, Scikit-Learn, SQL, Spark",One-North,"Build predictive machine learning models for demand forecasting and dynamic pricing, optimizing real-time inference latency."
12,A*STAR (I2R),Research & Technology,AI Engineer Intern,Applied Artificial Intelligence,2200,On-site,8,"Computer Vision, OpenCV, PyTorch, C++",One-North,Conduct research on computer vision models for automated medical imaging analysis and publish experimental benchmarks.
13,ByteDance,Technology & Internet,Data Engineer (Machine Learning Specialist) Intern,Applied Artificial Intelligence,3500,Hybrid,12,"Python, SQL, Hadoop, Spark, Feature Stores",Raffles Place,"Design and build scalable data pipelines feeding real-time recommendation engines, maintaining feature store infrastructure."
14,Shopee,E-Commerce & Tech,AI Application Engineer Intern,Applied Artificial Intelligence,3000,Hybrid,8,"Python, NLP, Transformer Models, FastAPI",Buona Vista,Construct natural language processing workflows for cross-border chat translation and automated customer query classification.
15,OCBC Bank,Banking & Fintech,Data Engineer Intern,Applied Computing (Fintech),2200,Hybrid,12,"Python, SQL, Apache Spark, Airflow, Snowflake",Chulia Street,"Build secure ETL pipelines handling transactional data streams, optimizing database queries for risk scoring engines."
16,Garena,Fintech & Gaming,Software Engineer Intern,Applied Computing (Fintech),2500,Hybrid,8,"Go, Java, Microservices, PostgreSQL, Redis",Galaxis / One-North,Develop low-latency backend microservices for digital wallet transaction processing and fraud mitigation rules.
17,Coinhako,Fintech & Crypto,DevOps Engineer Intern,Applied Computing (Fintech),2000,Hybrid,8,"Docker, Kubernetes, AWS, Terraform, CI/CD",CBD / Tanjong Pagar,"Manage cloud infrastructure automation, maintain deployment pipelines, and monitor system health for digital asset exchange platforms."
18,Standard Chartered Bank,Fintech & Banking,Data Analyst Intern,Applied Computing (Fintech),2100,Hybrid,12,"SQL, Tableau, Python, Financial Analytics",MBFC / Marina Bay,"Analyze payment transactional trends, construct executive dashboards, and identify anomalies in cross-border settlement systems."
19,SeaMoney,Fintech,Software Engineer Intern,Applied Computing (Fintech),2600,Hybrid,12,"Java, Spring Boot, MySQL, Kafka",Buona Vista,Design and implement backend RESTful APIs for credit scoring engines and merchant onboarding workflows.
20,Singtel,Telecommunications,Cloud Solutions Specialist Intern,Applied Computing Degree (via CSM Pathway),1800,Hybrid,12,"AWS, Azure, Terraform, Linux, Cloud Security",Bodhiana / Serangoon,"Support migration of enterprise workloads to public cloud platforms, setting up automated infrastructure monitoring and alerts."
21,NCS Group,IT Services & Consulting,Software Engineer Intern,Applied Computing Degree (via CSM Pathway),1700,Hybrid,12,"Java, React.js, Node.js, SQL",Ang Mo Kio,Develop responsive web portals and integration services for government and commercial client projects.
22,Synapxe,Healthtech,Systems Analyst Intern,Applied Computing Degree (via CSM Pathway),1600,On-site,8,"System Integration, SQL, HL7, UML, Requirements Gathering",One-North,Analyze clinical workflow requirements and assist in configuring regional electronic health record data pipelines.
23,Accenture Singapore,Consulting,Cloud Solutions Specialist Intern,Applied Computing Degree (via CSM Pathway),1900,Hybrid,8,"AWS, DevOps, Python, Scripting",Raffles Place,"Assist enterprise clients in designing serverless architectures, writing Infrastructure-as-Code, and evaluating cloud costs."
24,Changi Airport Group,Airport Operations & Tech,Airports Operations Executive Intern,Aviation Management,1500,On-site,12,"Flight Scheduling, Resource Allocation, Terminal Management",Changi Airport,"Manage real-time terminal gate allocations, coordinate flight turnarounds, and optimize passenger flow through biometric checkpoints."
25,SATS Ltd,Ground Handling & Aviation,Ground Handling Operations Specialist Intern,Aviation Management,1400,On-site,8,"Cargo Logistics, Ramp Handling, Aviation Safety, Excel",Changi Airport,"Assist in supervising airfreight sorting, baggage reconciliation systems, and ramp apron safety compliance procedures."
26,dè¡“ata SIA,Aviation,Airline Manager Intern,Aviation Management,1600,Hybrid,8,"Network Planning, Revenue Management, Data Analytics",Changi,"Analyze route profitability metrics, assist in flight capacity planning, and model seasonal passenger demand patterns."
27,Lufthansa Technik,Aviation MRO,Freight Forwarding Executive Intern,Aviation Management,1350,On-site,12,"Supply Chain, Air Freight Operations, Import/Export",Changi Logistics Park,"Coordinate international aircraft component freight shipments, track customs clearances, and audit vendor logistics performance."
28,Capgemini Singapore,Technology & Consulting,Business Analyst (BA) Intern,Business and Infocomm Technology,1800,Hybrid,8,"Jira, Agile, Confluence, BPMN, SQL",Raffles Place,"Map business requirements to software specifications, conduct user story grooming, and support user acceptance testing."
29,Prudential Singapore,Insurance & Tech,Digital Transformation Consultant Intern,Business and Infocomm Technology,1700,Hybrid,12,"Business Process Modeling, Power BI, Change Management",Marina One,"Evaluate digital policy claims workflows, identify manual bottlenecks, and recommend process automation solutions."
30,IBM Singapore,IT & Services,Enterprise Architect Intern,Business and Infocomm Technology,2000,Hybrid,8,"TOGAF, Cloud Architecture, Microservices, Enterprise IT",Changi Business Park,"Assist senior architects in cataloging enterprise software systems, drafting migration blueprints, and evaluating legacy tech stacks."
31,Singtel,Telecommunications,Business Intelligence Manager Intern,Business and Infocomm Technology,1750,Hybrid,12,"Power BI, SQL, Python, Tableau, Business Analytics",Comcentre / Orchard,Build automated operational performance dashboards and translate raw customer engagement metrics into actionable insights.
32,ExxonMobil Singapore,Energy & Chemicals,Process Engineer Intern,Chemical Engineering,1600,On-site,12,"Aspen Plus, Chemical Reaction Engineering, P&ID, Hazard Analysis",Jurong Island,Perform mass and energy balance calculations for refinery distillation units and evaluate process optimization projects.
33,Shell Singapore,Energy & Chemicals,Production Engineer Intern,Chemical Engineering,1700,On-site,8,"Chemical Processing, Process Safety, Root Cause Analysis",Bukom / Jurong East,"Monitor continuous production unit parameters, troubleshoot operational deviations, and support turnaround maintenance planning."
34,GSK Singapore,Pharmaceuticals,Quality Engineer Intern,Chemical Engineering,1500,On-site,12,"GMP, Validation, Process Control, Statistical Quality Control",Tuas,"Support validation of pharmaceutical batch processes, conduct process capability studies, and draft deviation reports."
35,Applied Materials,Semiconductors,Automation Engineer Intern,Chemical Engineering,1800,On-site,8,"PLC Programming, Process Automation, Chemical Vapour Deposition",Changi North,Optimize chemical delivery systems for semiconductor wafer fabrication equipment and conduct sensor signal analyses.
36,Surbana Jurong,Infrastructure & Engineering,Structural Engineer Intern,Civil Engineering,1400,On-site,12,"AutoCAD, Revit, ETABS, Concrete & Steel Design",Jurong Innovation District,Conduct structural analysis calculations for high-rise commercial developments and review site reinforcement shop drawings.
37,LTA (Land Transport Authority),Public Sector & Transport,Government Agency Engineer Intern,Civil Engineering,1500,On-site,12,"Civil Works, Tunneling, Structural Health Monitoring, Microstation",Novena,"Support site supervision for underground MRT line construction, monitoring soil settlement gauges and structural instrumentation."
38,CPG Consultants,Civil Engineering Consulting,Engineering Design Consultant Intern,Civil Engineering,1350,Hybrid,8,"Revit, BIM, STAAD Pro, Drainage Design",Novena,"Assist civil design team in modeling stormwater drainage networks, site earthworks, and foundation structural layouts."
39,CapitaLand,Real Estate & Property,Property Development Specialist Intern,Civil Engineering,1400,On-site,8,"Project Management, Building Codes, Site Inspection",Raffles Place,"Participate in site inspection audits, review contractor progress submissions, and track project construction milestones."
40,Mediacorp,Media & Entertainment,Digital Content Creator Intern,Communication and Digital Media,1100,On-site,8,"Adobe Premiere Pro, After Effects, Photoshop, Videography",one-north,"Produce social media video content, assist in lighting and multi-camera studio shoots, and edit short-form promotional clips."
41,Publicis Groupe,Advertising & PR,Digital Media Strategist Intern,Communication and Digital Media,1200,Hybrid,8,"Google Analytics, SEO, Meta Ads, Social Media Marketing",Civic District,"Draft cross-platform digital advertising campaigns, monitor engagement KPIs, and compile monthly campaign performance decks."
42,Meltwater,Media Intelligence,Digital Media Analyst Intern,Communication and Digital Media,1300,Hybrid,12,"Media Monitoring, Sentiment Analysis, Python, Power BI",Raffles Place,"Track media mentions and social sentiment for corporate brands, producing monthly quantitative brand health reports."
43,Razer Singapore,Gaming & Electronics,Branding Specialist Intern,Communication and Digital Media,1400,Hybrid,8,"Brand Strategy, Copywriting, Digital Marketing, Figma",one-north,"Coordinate launch campaigns for global gaming peripherals, create promotional copy, and audit digital asset consistency."
44,STMicroelectronics,Semiconductors,Embedded Systems Engineer Intern,Computer Engineering,1800,On-site,12,"C/C++, Microcontrollers, RTOS, ARM Assembly, Firmware",Ang Mo Kio,"Develop and debug low-level C firmware for microcontroller peripherals, executing hardware-in-the-loop test scripts."
45,Continental Automotive,Automotive Tech,Intelligent Transportation Systems Engineer Intern,Computer Engineering,1700,Hybrid,12,"C++, CAN Bus, Embedded Linux, Python",Bendon / Kallang,Implement vehicle-to-everything (V2X) communication protocols and test autonomous driver assistance module algorithms.
46,Keysight Technologies,Electronics Testing,Application Engineer Intern,Computer Engineering,1600,On-site,8,"Oscilloscopes, Signal Processing, C#, Test Automation",Yishun,Design automated test scripts for high-frequency RF communication chips and validate signal integrity specifications.
47,Synopsys Singapore,Semiconductor IP,Design Engineer Intern,Computer Engineering,2000,Hybrid,12,"Verilog, SystemVerilog, FPGA, RTL Synthesis, Python",One-North,"Assist in RTL design verification, writing SystemVerilog testbenches to validate SoC bus architecture components."
48,KOGAMES Singapore,Gaming,VR/AR Software Developer Intern,Computer Science in Interactive Media and Game Development,1800,On-site,8,"Unity3D, C#, VR/AR SDKs, 3D Mathematics",Bukit Merah,Implement VR interaction mechanics and optimize frame-rate rendering performance for immersive educational simulation apps.
49,Ubisoft Singapore,Game Development,Gameplay Programmer Intern,Computer Science in Interactive Media and Game Development,2000,On-site,12,"C++, Unreal Engine, Game Physics, Pathfinding",Fusionopolis / One-North,"Program character movement mechanics, camera controllers, and AI enemy combat behaviors in C++ within Unreal Engine."
50,Mighty Bear Games,Mobile Gaming,Tools Programmer Intern,Computer Science in Interactive Media and Game Development,1700,Hybrid,8,"C#, Unity Editor Scripting, Python, Git",Central,Create custom pipeline tools for 3D technical artists and build automated asset export workflows for mobile multiplayer games.
51,Razer Studios,Interactive Media,UI/UX Developer Intern,Computer Science in Interactive Media and Game Development,1600,Hybrid,12,"Unity UI, C#, Figma, Motion Graphics",one-north,"Design and integrate responsive user interface screens, HUD overlays, and interactive menus into real-time game engines."
52,Kumu Gaming,Tech & Simulation,Game Engine Developer Intern,Computer Science in Real-Time Interactive Simulation,2200,On-site,12,"C++, OpenGL, DirectX, Multi-threading, Linear Algebra",One-North,"Develop custom C++ graphics engine modules, implementing real-time shadow casting and GPU memory optimization."
53,Defense Science and Technology Agency (DSTA),Defense Tech,VR/AR Software Developer Intern,Computer Science in Real-Time Interactive Simulation,2400,On-site,12,"C++, Unreal Engine 5, Physics Simulation, C#",Depot Road,Construct high-fidelity military training flight and combat virtual simulators utilizing custom physics engines.
54,Land Transport Authority (LTA),Transport Simulation,Computer Scientist Intern,Computer Science in Real-Time Interactive Simulation,1900,Hybrid,8,"C++, CUDA, Traffic Modeling, Algorithms",Novena,Develop parallel GPU-accelerated algorithms to simulate real-time traffic flow patterns across urban road networks.
55,Thales Singapore,Aerospace & Defense,Artificial Intelligence Developer Intern,Computer Science in Real-Time Interactive Simulation,2100,Hybrid,8,"C++, Python, Deep Learning, Sensor Fusion",Changi Business Park,Program real-time computer vision and radar object detection modules for autonomous maritime navigation systems.
56,GovTech Singapore,GovTech,Software Engineer Intern,Computing Science,2500,Hybrid,12,"Go, React, Docker, Kubernetes, PostgreSQL",Mapletree Business City,"Construct cloud-native microservices for national digital identity frameworks, implementing automated integration testing."
57,Shopee,E-Commerce,Cybersecurity Analyst Intern,Computing Science,2800,Hybrid,8,"Python, Threat Hunting, SIEM, Web Security, OWASP",Buona Vista,Conduct vulnerability assessments on e-commerce API endpoints and analyze security log telemetry for suspicious activity.
58,Amazon Web Services (AWS),Cloud Computing,Cloud Solutions Architect Intern,Computing Science,3200,Hybrid,12,"Python, AWS, Terraform, Cloud Architecture, Linux",Tanjong Pagar,Build reference architecture deployment templates and assist customers in implementing serverless server patterns.
59,Wise Singapore,Fintech,Data Scientist Intern,Computing Science,3000,Hybrid,8,"Python, SQL, Machine Learning, AB Testing, Statistics",CBD / Tanjong Pagar,Develop Machine Learning models to detect fraudulent international money transfer operations in real-time.
60,National University Hospital (NUH),Healthcare,Hospital Radiographer Intern,Diagnostic Radiography,1100,On-site,8,"Diagnostic Imaging, X-Ray, Computed Tomography (CT), PACS",Kent Ridge,"Operate digital X-ray and CT imaging equipment under supervision, ensuring radiation safety and patient care protocols."
61,Singapore General Hospital (SGH),Healthcare,Clinical Diagnostic Radiographer Intern,Diagnostic Radiography,1100,On-site,12,"MRI, Mammography, Patient Positioning, Radiation Safety",Outram Park,Perform general radiography and assist senior radiographers with complex MRI scans and fluoroscopic procedures.
62,Tan Tock Seng Hospital (TTSH),Healthcare,Medical Centre Radiographer Intern,Diagnostic Radiography,1100,On-site,8,"Radiographic Physics, Digital Radiography, Image Processing",Novena,"Assist in emergency radiology departments, capturing diagnostic X-ray images for acute trauma patient evaluations."
63,Raffles Medical Group,Private Healthcare,Private Clinic Imaging Specialist Intern,Diagnostic Radiography,1200,On-site,12,"Ultrasound, X-Ray, PACS, Patient Care",Bugis,"Conduct routine diagnostic imaging scans, maintain equipment calibration logs, and manage digital patient medical images."
64,Changi General Hospital (CGH),Healthcare,Clinical Dietitian Intern,Dietetics and Nutrition,1000,On-site,12,"Clinical Nutrition, Enteral Feeding, Patient Assessment",Simei,"Perform nutritional screenings, calculate enteral feed requirements, and design therapeutic diets for hospitalized medical patients."
65,Khoo Teck Puat Hospital (KTPH),Healthcare,Hospital Nutritionist Intern,Dietetics and Nutrition,1000,On-site,8,"Public Health Nutrition, Meal Planning, Nutritional Counseling",Yishun,"Support community health initiatives, conduct nutritional education workshops, and evaluate inpatient menu nutritional content."
66,NTUC Health,Community Healthcare,Long-Term Care Nutrition Specialist Intern,Dietetics and Nutrition,1100,On-site,12,"Geriatric Nutrition, Dysphagia Diet, Menu Planning",Jurong West,"Assess elderly resident nutritional statuses, plan texture-modified diets for dysphagia patients, and monitor food service quality."
67,MOH Holdings,Public Healthcare,Polyclinic Dietitian Intern,Dietetics and Nutrition,1050,On-site,8,"Chronic Disease Management, Diabetes Counseling, Nutrition",Outram,"Deliver outpatient dietary counseling sessions for patients managing diabetes, hypertension, and hyperlipidemia."
68,Koei Tecmo Singapore,Game Development,3D Artist Intern,Digital Art and Animation,1400,On-site,8,"Maya, ZBrush, Substance Painter, 3D Modeling",One-North,Model high-polygon 3D character assets and texture environment props for AAA console video game projects.
69,Bandai Namco Studios,Game Animation,Technical Artist Intern,Digital Art and Animation,1600,On-site,12,"Maya, Python, Rigging, Unity Engine, HLSL",Fusionopolis,"Build custom character rigging pipelines, program shader visual effects, and optimize 3D asset draw calls in engine."
70,Lucasfilm (ILM Singapore),VFX & Animation,Character Animator Intern,Digital Art and Animation,1800,On-site,12,"Autodesk Maya, Keyframe Animation, Motion Capture, Principles of Animation",Fusionopolis,"Animate stylised and realistic character movements, refine motion-capture cleanup data, and participate in daily director reviews."
71,Lemon Sky Studios,Animation,Concept Artist Intern,Digital Art and Animation,1300,Hybrid,8,"Photoshop, Concept Design, Illustration, Digital Painting",Central,"Paint digital environment concept art, generate character costume iteration sketches, and create color scripts."
72,DHL Supply Chain,Logistics & Supply Chain,Supply Chain Analyst Intern,Digital Supply Chain,1600,Hybrid,12,"SQL, Power BI, Supply Chain Optimization, Python",Tampines,"Analyze warehouse throughput bottlenecks, model optimal safety stock levels, and build automated operational dashboards."
73,FedEx Express,Logistics,Demand and Inventory Analyst Intern,Digital Supply Chain,1500,Hybrid,8,"Demand Forecasting, Excel, SAP, Python",Changi,"Perform inventory velocity calculations, update safety stock parameters, and model seasonal freight demand spikes."
74,DB Schenker,Logistics & Freight,Sustainable Sourcing Officer Intern,Digital Supply Chain,1500,Hybrid,12,"ESG, Carbon Footprint Accounting, Logistics Analytics",Paya Lebar,"Audit carrier greenhouse gas emissions data, evaluate eco-friendly transport routing options, and generate ESG reports."
75,PSA Corporation,Port & Maritime Logistics,Supply Chain Solutions Engineer Intern,Digital Supply Chain,1800,On-site,12,"Simulation Modeling, AnyLogic, Python, Operations Research",Pasir Panjang,Model container terminal automated guided vehicle (AGV) routing patterns to eliminate port congestion bottlenecks.
76,Micron Technology,Semiconductors,Electrical Engineer Intern,Electrical and Electronic Engineering,1800,On-site,12,"Circuit Design, MATLAB, PCB Layout, Semiconductor Testing",Woodlands,"Test and characterize high-speed memory integrated circuits, analyze signal integrity test outputs, and optimize circuit layouts."
77,Dyson Singapore,Consumer Technology,Electronics Design Engineer Intern,Electrical and Electronic Engineering,2000,On-site,12,"Altium Designer, Microcontrollers, Power Electronics, C",one-north,"Design analogue and digital PCB schematics for next-generation smart home appliances, running thermal and power simulations."
78,Schneider Electric,Energy Management,Power Engineer Intern,Electrical and Electronic Engineering,1600,Hybrid,8,"Power Distribution, ETAP, PLC, Smart Grid",Kallang,"Model industrial electrical distribution systems, conduct fault level calculations, and support smart metering deployments."
79,Infineon Technologies,Semiconductors,Equipment Engineer Intern,Electrical and Electronic Engineering,1700,On-site,8,"Semiconductor Fabrication, PLC, Sensor Instrumentation",Kallang,"Optimize automated silicon wafer handling equipment, troubleshoot yield deviations, and draft preventive maintenance routines."
80,GlobalFoundries,Semiconductors,Electrical Systems Engineer Intern,Electrical and Electronic Engineering Degree (via CSM Pathway),1700,On-site,12,"Cleanroom Operations, Semiconductor Manufacturing, SPC",Woodlands,"Monitor wafer fabrication tool electrical parameters, analyze statistical process control chart trends, and perform fault diagnostics."
81,Murata Electronics,Electronic Components,Automation Specialist Intern,Electrical and Electronic Engineering Degree (via CSM Pathway),1600,On-site,8,"PLC, SCADA, Robotics, Factory Automation",Yishun,Implement SCADA automation scripts for high-speed component assembly lines and optimize robotic pick-and-place accuracy.
82,Siemens Singapore,Industrial Engineering,Power Systems Engineer Intern,Electrical and Electronic Engineering Degree (via CSM Pathway),1800,Hybrid,12,"PSS/E, Power Systems, Electrical Simulation, Smart Grid",MacPherson,Perform power system load flow and transient stability calculations for regional renewable energy integration studies.
83,SP Group,Energy Utilities,Utility Power Specialist Intern,Electrical Power Engineering,1700,On-site,12,"Power Distribution, High Voltage, Substation Design, ETAP",Kallang,"Support engineering studies on 66kV transmission substation upgrades, analyzing grid load distribution and protection relaying."
84,EDF Renewables,Renewable Energy,Sustainable Energy Specialist Intern,Electrical Power Engineering,1800,Hybrid,8,"Solar PV Systems, Battery Energy Storage (BESS), MATLAB",CBD,Perform yield simulation modeling for commercial rooftop solar PV installations and model battery storage degradation.
85,Keppel Infrastructure,Infrastructure & Energy,Power Generation Engineer Intern,Electrical Power Engineering,1600,On-site,12,"Combined Cycle Gas Turbines, Thermal Engineering, SCADA",Jurong Island,"Monitor combined-cycle gas turbine operational efficiencies, analyze heat balance data, and evaluate emissions reduction tech."
86,Sembcorp Industries,Utilities & Renewables,Transport Energy Engineer Intern,Electrical Power Engineering,1750,Hybrid,8,"EV Charging Infrastructure, Grid Integration, Python",Tuas,Model urban EV charging station power demand curves and evaluate smart grid load balancing algorithms.
87,Advanced Micro Devices (AMD),Semiconductors,Data Analyst Intern,Electronics and Data Engineering,2000,Hybrid,12,"Python, SQL, Semiconductor Physics, Data Visualization",Changi Business Park,Analyze high-volume wafer probe test data using statistical algorithms to identify fabrication defect patterns.
88,SSMC (Systems on Silicon Manufacturing),Semiconductors,Process Engineer Intern,Electronics and Data Engineering,1700,On-site,8,"Silicon Processing, Photolithography, SPC, Yield Analysis",Pasir Ris,"Analyze semiconductor photolithography overlay data, troubleshoot critical dimension variations, and tune tool parameters."
89,Rohde & Schwarz,Test & Measurement,Test Engineer Intern,Electronics and Data Engineering,1600,On-site,12,"RF Testing, Spectrum Analyzers, Python, Test Automation",Changi Business Park,"Build automated RF test routines for 5G wireless modules, validating transmitter power output and spectral mask compliance."
90,Vanguard International Semiconductor,Semiconductors,Electronics Engineer Intern,Electronics and Data Engineering,1650,On-site,8,"Analog Circuit Design, Semiconductor Devices, Cadence",Pasir Ris,Perform circuit simulation and parametric testing on discrete power semiconductor devices in cleanroom testing environments.
91,SMRT Corporation,Urban Transport,Transport Systems Engineer Intern,Engineering Systems,1500,On-site,12,"System Reliability, RAMS, Signaling Systems, Railway Engineering",Bishan,"Analyze train signaling system fault logs, assess mean time between failures (MTBF), and propose reliability improvements."
92,ST Engineering Electronics,Systems Integration,Systems Integrator Engineer Intern,Engineering Systems,1600,Hybrid,8,"Systems Engineering, Requirements Management, DOORS, Testing",Ang Mo Kio,Trace complex defense electronic system requirements through verification matrices and compile system integration test scripts.
93,Soitec Singapore,Microelectronics,Semiconductor Manufacturing Engineer Intern,Engineering Systems,1700,On-site,12,"Silicon-on-Insulator, Cleanroom Operations, Lean Manufacturing",Pasir Ris,"Evaluate thin-film silicon wafer manufacturing throughput, optimizing cleanroom automated material handling systems."
94,LTA (Land Transport Authority),Transport Infrastructure,Public Sector Systems Officer Intern,Engineering Systems,1500,Hybrid,8,"ITS, Traffic Management Systems, System Architecture",Novena,"Evaluate intelligent transport system architecture upgrades, analyzing sensor telemetry from island-wide traffic junctions."
95,Marina Bay Sands,Hospitality & F&B,Bakery Entrepreneur Intern,Food Business Management (Baking and Pastry Arts),1300,On-site,8,"Pastry Production, Artisanal Baking, Inventory Management",Marina Bay,Work in large-scale commercial pastry kitchens preparing high-volume artisanal baked goods and designing seasonal dessert menus.
96,Resorts World Sentosa,Hospitality,Hospitality Management Professional Intern,Food Business Management (Baking and Pastry Arts),1250,On-site,12,"Pastry Kitchen Operations, Food Safety, Cost Control",Sentosa,"Manage daily pastry station mise-en-place, calculate food cost margins, and maintain HACCP food safety standards."
97,The Fullerton Hotel,Luxury Hospitality,Food Media Specialist Intern,Food Business Management (Baking and Pastry Arts),1200,Hybrid,8,"Food Photography, Culinary Marketing, Social Media",Fullerton / CBD,"Assist in crafting culinary marketing narratives, photographing luxury pastry creations, and managing digital menu campaigns."
98,Shangri-La Singapore,Hospitality,Executive Chef Trainee,Food Business Management (Culinary Arts),1300,On-site,12,"Culinary Arts, Kitchen Management, Menu Engineering, HACCP",Orchard,"Rotate across cold, hot, and banquet kitchen stations, preparing fine-dining dishes while managing daily ingredient inventory."
99,Odette Restaurant,Fine Dining,Culinary Entrepreneur Intern,Food Business Management (Culinary Arts),1400,On-site,8,"French Culinary Techniques, Fine Dining, Plating, Butchery",Civic District,"Learn high-end Michelin-star culinary execution, precision ingredient sourcing, texture pairing, and kitchen workflow discipline."
100,Lau Pa Sat (Kopitiam / FairPrice),F&B Operations,Restaurant Owner Trainee,Food Business Management (Culinary Arts),1200,On-site,12,"F&B Operations, POS Systems, Supply Chain, Food Hygiene",Raffles Place,"Analyze central kitchen production workflows, audit franchise food quality compliance, and optimize front-of-house service flows."
101,Nestle Singapore,Food & Beverage,Product Development Scientist Intern,Food Technology,1600,On-site,12,"Food Chemistry, Sensory Evaluation, R&D, Formulation",Jurong,"Formulate plant-based beverage prototypes, conduct shelf-life stability testing, and perform sensory panel evaluations."
102,Abbott Laboratories,Nutrition & Pharma,Quality Assurance Specialist Intern,Food Technology,1700,On-site,8,"HACCP, ISO 22000, Food Microbiology, Quality Control",Tuas,Perform microbiological testing on pediatric nutrition batches and perform root-cause investigations on out-of-spec results.
103,Wilmar International,Agri-Food,Food Microbiologist Intern,Food Technology,1500,On-site,12,"Aseptic Technique, PCR, Food Spoilage Microbiology",Bugis / Jurong,Execute rapid pathogen detection assays on edible oil products and audit bio-burden levels across processing pipelines.
104,Givaudan Singapore,Flavors & Fragrances,Sensory Specialist Intern,Food Technology,1700,On-site,8,"Sensory Testing, Descriptive Analysis, Flavor Chemistry",Buona Vista,"Organize trained sensory panel tests for novel flavor formulations, analyzing panellist discrimination data using statistical software."
105,Singapore Tourism Board (STB),Government & Tourism,Tourism Bureau Officer Intern,Hospitality and Tourism Management,1400,Hybrid,12,"Destination Marketing, Tourism Analytics, Event Management",Orchard,"Analyze international visitor arrival metrics, support strategic tourism partnership proposals, and monitor campaign KPIs."
106,Marriott International,Hospitality,Hotel Revenue Analyst Intern,Hospitality and Tourism Management,1500,Hybrid,8,"Revenue Management, Opera PMS, Pricing Strategy, Excel",HarbourFront,"Model hotel room occupancy trends, conduct competitor yield analyses, and recommend dynamic daily room pricing adjustments."
107,Marina Bay Sands,Hospitality & MICE,Event Experience Designer Intern,Hospitality and Tourism Management,1400,On-site,12,"Event Operations, MICE Planning, Floor Planning, Client Management",Marina Bay,"Assist in planning and executing international conventions, designing delegate movement flows, and managing vendor logistics."
108,Traveloka Singapore,Travel Tech,Tourism E-Commerce Analyst Intern,Hospitality and Tourism Management,1600,Hybrid,8,"SQL, Google Analytics, Digital Marketing, Travel Tech",Tanjong Pagar,Analyze user funnel conversions on hotel booking portals and assist in optimizing localized travel promotion packages.
109,GovTech Singapore,Cybersecurity,Penetration Tester Intern,Information and Communications Technology (Information Security),2800,Hybrid,12,"Python, Kali Linux, Metasploit, Web Application Security, Burp Suite",One-North,"Perform web and mobile application penetration testing across public sector systems, documenting vulnerable code patterns."
110,Singtel Trustwave,Managed Security,Information Security Analyst Intern,Information and Communications Technology (Information Security),2200,On-site,8,"SIEM, Splunk, Incident Response, Network Security",Serangoon North,"Monitor Security Operations Center (SOC) alert triage streams, investigate malware infection vectors, and compile incident logs."
111,Ensign InfoSecurity,Cybersecurity,Cybersecurity Specialist Intern,Information and Communications Technology (Information Security),2400,Hybrid,12,"Network Forensics, Python, Threat Intelligence, Wireshark",Kim Chuan,Analyze network traffic PCAP files to identify active command-and-control channels and write YARA threat detection rules.
112,PwC Cyber,Security Consulting,Information Security Consultant Intern,Information and Communications Technology (Information Security),2300,Hybrid,8,"ISO 27001, Risk Assessment, NIST Framework, Cloud Security",CBD,Evaluate client cloud security configurations against CIS benchmarks and draft enterprise cybersecurity policy documents.
113,Grab Singapore,Technology,Software Systems Architect Intern,Information and Communications Technology (Software Engineering),3200,Hybrid,12,"Go, Distributed Systems, Microservices, Kafka, Redis",One-North,"Participate in designing high-concurrency event-driven architectures for payment processing, optimizing microservice communication."
114,Carousell,E-Commerce & Tech,Mobile Developer Intern,Information and Communications Technology (Software Engineering),2500,Hybrid,8,"Kotlin, Swift, Flutter, REST APIs, Mobile UI",Tanjong Pagar,"Build native Android and iOS marketplace features, implementing seamless UI navigation and local data caching."
115,Sea Group,Technology,Cloud Developer Intern,Information and Communications Technology (Software Engineering),3000,Hybrid,12,"Python, Go, Kubernetes, Cloud Infrastructure, Docker",Buona Vista,Construct automated CI/CD pipeline infrastructure scripts and design resilient cloud-native backend microservices.
116,Razer Singapore,Consumer Tech,Software Engineer Intern,Information and Communications Technology (Software Engineering),2200,Hybrid,8,"C++, Python, Desktop App Development, REST APIs",one-north,"Develop desktop gaming software modules, optimizing device RGB lighting integration APIs and peripheral telemetry pipelines."
117,Surbana Jurong,Infrastructure,Facility Engineer Intern,Infrastructure and Systems Engineering Degree (via CSM Pathway),1500,On-site,12,"HVAC, Building Automation Systems, Facilities Management",Jurong Innovation District,"Audit commercial building HVAC energy efficiency, monitor chiller plant performance metrics, and review maintenance logs."
118,LTA (Land Transport Authority),Public Transport,Operations Engineer Intern,Infrastructure and Systems Engineering Degree (via CSM Pathway),1600,On-site,8,"Transport Infrastructure, Maintenance Operations, Asset Management",Novena,"Track MRT depot asset maintenance status, model track maintenance schedules, and evaluate rail power system reliability."
119,Keppel Infrastructure,Energy & Infrastructure,Infrastructure Engineer Intern,Infrastructure and Systems Engineering Degree (via CSM Pathway),1700,On-site,12,"Infrastructure Management, Piping, Structural Inspection",Jurong Island,Assist project engineers in supervising district cooling plant installation works and auditing vendor compliance.
120,Changi Airport Group,Infrastructure & Tech,Systems Analyst Intern,Infrastructure and Systems Engineering Degree (via CSM Pathway),1650,Hybrid,8,"System Architecture, Baggage Handling Systems, SQL",Changi Airport,"Analyze airport baggage handling system telemetry, identify baggage bottleneck points, and track equipment downtime."
121,Ninja Van,Logistics Tech,Logistics Operations Planner Intern,Integrated Studies in Technology and Management with Specialisation in Supply Chain,1600,Hybrid,12,"SQL, Route Optimization, Excel, Python",Sunview / Jurong,"Optimize last-mile parcel delivery route algorithms, analyze parcel sorting hub throughput, and model courier capacity."
122,L'Oreal Singapore,FMCG & Supply Chain,Supply Chain Analyst Intern,Integrated Studies in Technology and Management with Specialisation in Supply Chain,1700,Hybrid,8,"Demand Planning, SAP, Power BI, Supply Chain Management",Raffles Place,"Manage beauty product SKU demand forecasts, analyze inventory turnaround metrics, and coordinate import container arrivals."
123,Schneider Electric,Supply Chain & Energy,Tech-Management Specialist Intern,Integrated Studies in Technology and Management with Specialisation in Supply Chain,1800,Hybrid,12,"Supply Chain Digitization, SAP S/4HANA, Python, Tableau",Kallang,Drive supply chain digital transformation initiatives by automating manual purchase order generation and tracking supplier KPIs.
124,McKinsey & Company,Management Consulting,Procurement Consultant Intern,Integrated Studies in Technology and Management with Specialisation in Supply Chain,2200,Hybrid,8,"Strategic Sourcing, Spend Analysis, Excel, Financial Modeling",CBD,Perform quantitative spend analytics across global supplier portfolios and build supplier evaluation scorecards for client projects.
125,Makino Asia,Precision Machinery,Manufacturing Engineer Intern,Mechanical Design and Manufacturing Engineering,1600,On-site,12,"CNC Programming, SolidWorks, CAM, Machining Processes",Gul Way / Jurong,"Optimize 5-axis CNC machining parameters, design custom assembly fixtures, and reduce cycle times for precision machine tool parts."
126,Dyson Singapore,Consumer Hardware,Aerospace Design Engineer Intern,Mechanical Design and Manufacturing Engineering,1900,On-site,8,"CAD, SolidWorks, Finite Element Analysis (FEA), CFD",one-north,"Model miniature high-speed motor impellers, perform structural stress simulations, and prototype aerodynamic airflows."
127,Hyundai Motor Group Innovation Center (HMGICS),Automotive & Smart Factory,Robotics Engineer Intern,Mechanical Design and Manufacturing Engineering,2000,On-site,12,"ROS, Automation, Kinematics, SolidWorks, Python",Jurong Innovation District,Program autonomous mobile robots (AMRs) for smart factory component delivery and design custom robotic gripper end-effectors.
128,HP Inc Singapore,Additive Manufacturing,Additive Manufacturing Engineer Intern,Mechanical Design and Manufacturing Engineering,1800,On-site,8,"3D Printing, SLA/SLS, Topology Optimization, CAD",Depot Road,"Test industrial Multi Jet Fusion 3D printers, optimize print lattice density structures, and analyze polymer mechanical properties."
129,Keppel Offshore & Marine,Marine & Offshore,Marine Mechanical Engineer Intern,Mechanical Engineering,1500,On-site,12,"Marine Engineering, Diesel Engines, Hydraulics, AutoCAD",Pioneer / Tuas,Perform structural stress calculations on offshore vessel crane pedestals and inspect marine engine cooling loops.
130,SMRT Corporation,Rail Transportation,Rail & Transportation Engineer Intern,Mechanical Engineering,1600,On-site,12,"Braking Systems, Wheel-Rail Interface, Mechanical Maintenance",Bishan,"Analyze train wheelset wear profiles, support bogie overhaul procedures, and evaluate automated track inspection data."
131,Semcorp Marine (Seatrium),Shipbuilding,Ship Propulsion Specialist Intern,Mechanical Engineering,1500,On-site,8,"Propulsion Systems, Hydrodynamics, Marine Hydraulics, CAD",Tuas Boulevard,"Assist in commissioning ship main propulsion shafts, auditing propeller alignment tolerances, and modeling fuel consumption."
132,ExxonMobil Singapore,Energy,Smart Maintenance Engineer Intern,Mechanical Engineering,1700,On-site,12,"Vibration Analysis, Predictive Maintenance, Rotating Equipment",Jurong Island,"Collect vibration spectrum data on heavy centrifugal pumps, analyze bearing degradation trends, and draft maintenance plans."
133,Micron Technology,Semiconductors,Semiconductor Manufacturing Engineer Intern,Mechanical Engineering,1800,On-site,8,"Wafer Handling, Vacuum Systems, Cleanroom Equipment",Woodlands,"Maintain silicon wafer automated transport systems, troubleshoot vacuum chamber seal failures, and optimize thermal profile tools."
134,Seatrium,Naval Architecture,Naval Architect Intern,Naval Architecture and Marine Engineering,1600,On-site,12,"AutoCAD, Hydrostatics, Maxsurf, Ship Stability, Hull Design",Tuas,Perform hull hydrostatic and stability calculations for offshore wind turbine installation vessels and review midship drawings.
135,Sembcorp Marine,Marine Engineering,Marine Structures Specialist Intern,Naval Architecture and Marine Engineering,1550,On-site,8,"ANSYS, Finite Element Analysis, Steel Structures, Marine",Pioneer,Model structural wave impact forces on floating production units (FPSO) using ANSYS FEA software.
136,DNV Singapore,Maritime Classification,Offshore Hydrodynamics Engineer Intern,Naval Architecture and Marine Engineering,1700,Hybrid,12,"Hydrodynamics, OrcaFlex, Computational Fluid Dynamics (CFD)",Science Park,Execute OrcaFlex dynamic simulations for subsea riser systems under hydrodynamic current and wave spectrum loadings.
137,Bernhard Schulte Shipmanagement,Ship Management,Marine Transport Analyst Intern,Naval Architecture and Marine Engineering,1500,Hybrid,8,"Ship Performance, Vessel Telematics, Fuel Optimization",Raffles Place,"Analyze commercial ship voyage telemetry data, evaluate hull fouling resistance impacts, and optimize vessel fuel efficiency."
138,Singapore General Hospital (SGH),Healthcare,Nurse Clinician Trainee,Nursing,1100,On-site,12,"Clinical Nursing, Patient Care, Medication Administration, Vital Signs",Outram Park,"Deliver inpatient nursing care in acute surgical wards, administering medications and monitoring post-operative vital signs."
139,National University Hospital (NUH),Healthcare,Nurse Educator Trainee,Nursing,1100,On-site,8,"Nursing Education, Clinical Skills, Patient Assessment",Kent Ridge,Assist nurse educators in preparing clinical skills simulation workshops and updating ward clinical procedure guidelines.
140,Tan Tock Seng Hospital (TTSH),Healthcare,Nurse Manager Trainee,Nursing,1100,On-site,12,"Ward Management, Healthcare Operations, Nursing Ethics",Novena,"Support nurse managers in ward resource scheduling, tracking patient fall rates, and participating in quality improvement projects."
141,KK Women's and Children's Hospital (KKH),Pediatric Healthcare,Nurse Specialist Trainee,Nursing (Pre-registration and Specialty Training),1100,On-site,12,"Pediatric Nursing, Neonatal Care, Clinical Assessment",Novena,"Assist in specialized pediatric and neonatal wards, monitoring neonatal vital parameters and supporting family care education."
142,SingHealth,Healthcare,Nurse Researcher Intern,Nursing (Pre-registration and Specialty Training),1200,Hybrid,8,"Clinical Research, Nursing Science, Data Collection, Literature Review",Outram,"Support clinical nursing research studies on pressure ulcer prevention, entering patient data and drafting literature reviews."
143,NUHS (National University Health System),Healthcare,Nurse Innovator Intern,Nursing (Pre-registration and Specialty Training),1200,Hybrid,12,"Healthcare Innovation, Medical Devices, Patient Safety",Kent Ridge,Collaborate with clinical teams to prototype ergonomic patient transfer aids and evaluate smart ward monitoring technology.
144,SPD Singapore,Disability & Rehab,Occupational Therapist Intern,Occupational Therapy,1000,On-site,12,"Occupational Therapy, Functional Assessment, Assistive Technology",Tiong Bahru,Conduct functional independence assessments for clients with physical disabilities and prescribe adaptive home modification devices.
145,St. Luke's ElderCare,Community Healthcare,Rehabilitation Specialist Intern,Occupational Therapy,1000,On-site,8,"Geriatric Rehabilitation, Cognitive Therapy, ADL Training",Ang Mo Kio,Design upper-limb rehabilitation exercise programs and conduct cognitive stimulation sessions for elderly day-center clients.
146,AWWA,Social Services,Early Intervention Therapist Intern,Occupational Therapy,1050,On-site,12,"Pediatric Occupational Therapy, Sensory Integration, Fine Motor Skills",Lorong Ah Soo,"Deliver early intervention therapy sessions for children with developmental delays, training fine motor and sensory processing."
147,Gleneagles Hospital,Private Healthcare,Nursing Home Therapist Intern,Occupational Therapy,1100,On-site,8,"Post-Acute Rehab, Splinting, Wheelchair Seating Assessment",Tanglin,Assist senior therapists in fabricating custom hand splints and performing specialized wheelchair seating assessments.
148,Pfizer Singapore,Biopharmaceuticals,Pharmaceutical Process Engineer Intern,Pharmaceutical Engineering,1700,On-site,12,"Pharmaceutical Processing, Continuous Manufacturing, GMP, Cleanroom",Tuas,"Monitor continuous active pharmaceutical ingredient (API) crystallization units, analyzing crystal size distribution data."
149,GSK Vaccines,Biotechnology,Biotechnology Specialist Intern,Pharmaceutical Engineering,1800,On-site,8,"Bioreactors, Cell Culture, Chromatography, Upstream Processing",Tuas,"Operate pilot-scale bioreactors for vaccine protein expression, monitoring dissolved oxygen and cell density parameters."
150,Takeda Pharmaceuticals,Biomanufacturing,Life Sciences Engineer Intern,Pharmaceutical Engineering,1750,On-site,12,"Downstream Processing, Ultrafiltration, CIP/SIP, Validation",Woodlands,Validate automated Clean-in-Place (CIP) cycles for biopharmaceutical protein purification columns.
151,Firmenich Singapore,Flavors & Fragrances,Flavors & Fragrances Specialist Intern,Pharmaceutical Engineering,1600,On-site,8,"Distillation, Extraction, Organic Chemistry, Analytical Testing",Tuas,Perform fractional distillation of essential oils and analyze volatile aroma compound purity using GC-MS instrumentation.
152,Singapore Sports Institute (SSI),Sports & Performance,Sports & Military Institute Physiotherapist Intern,Physiotherapy,1100,On-site,8,"Sports Rehabilitation, Biomechanics, Musculoskeletal Assessment",Kallang,"Assist national athletes with musculoskeletal injury rehabilitation, conducting movement screening and guiding exercise therapy."
153,SingHealth Polyclinics,Community Health,Polyclinic Physiotherapist Intern,Physiotherapy,1000,On-site,12,"Musculoskeletal Assessment, Exercise Prescription, Chronic Pain",Eunos / Bedok,Deliver outpatient physiotherapy interventions for patients with chronic lower back pain and knee osteoarthritis.
154,Restructure Hospitals (TTSH),Acute Healthcare,Hospital Physiotherapist Intern,Physiotherapy,1000,On-site,12,"Cardiopulmonary Rehab, ICU Mobility, Stroke Rehabilitation",Novena,Mobilize acute intensive care unit (ICU) patients early and deliver chest physiotherapy for post-surgical recovery.
155,Ren Ci Hospital,Community & Long-Term Care,Community Health Specialist Intern,Physiotherapy,1050,On-site,8,"Geriatric Mobility,job_id,company_name,industry,job_title,relevant_course,monthly_allowance,work_mode,duration_months,required_skills,location_district,job_description
1,PwC,Professional Services,Chartered Accountant Intern,Accountancy,1400,Hybrid,8,Audit; Financial Modeling; Excel""",D1 - Raffles Place,Assist in auditing financial statements and assessing corporate tax risk.
156,DBS Bank,Banking,Financial and Risk Analyst,Accountancy,1600,Hybrid,12,Risk Assessment; Excel; SQL,D1 - Marina Bay,Support the credit risk team in building financial models for corporate lending.
157,KPMG,Consulting,Management and Taxation Consultant,Accountancy,1350,On-site,8,Corporate Tax; SAP; Financial Analysis,D2 - Tanjong Pagar,Help prepare tax computations and advise clients on transfer pricing.
158,Ernst & Young,Accounting,Auditor Intern,Accountancy,1400,Hybrid,12,IFRS; Auditing; Communication,D1 - Raffles Place,Perform statutory audits for diverse multinational clients.
159,OCBC Bank,Banking,Financial Controller Intern,Accountancy,1500,Hybrid,8,Financial Reporting; Excel; Data Analysis,D1 - Raffles Place,Assist in month-end financial closing and regulatory reporting workflows.
160,GovTech,Government,Fraud Investigator Intern,Accountancy,1800,Hybrid,8,Data Analytics; Forensic Accounting,D5 - Buona Vista,Investigate financial anomalies within public sector procurement systems.
161,Deloitte,Professional Services,Forensic Accountant,Accountancy,1450,On-site,12,Fraud Detection; Excel; Analytics,D2 - Shenton Way,Analyze complex financial records to identify evidence of white-collar crime.
162,Shopee,E-Commerce,Financial and Risk Analyst,Accountancy,1700,Hybrid,8,SQL; Financial Modeling; Python,D5 - Science Park,Develop risk mitigation frameworks for regional e-commerce payment systems.
163,Singtel,Telecommunications,Certified Practising Accountant Intern,Accountancy,1500,Hybrid,12,Corporate Finance; SAP; Reporting,D9 - Orchard,Assist the group finance team with consolidated financial reporting and analysis.
164,Ninja Van,Logistics Tech,Entrepreneur Intern,Accountancy,1600,On-site,8,Business Strategy; Financial Planning,D14 - MacPherson,Work with founders on financial planning and scaling operations regionally.
165,SIA Engineering Company,Aerospace,Licensed Aircraft Engineer Trainee,Aircraft Systems Engineering,1600,On-site,12,Aircraft Maintenance; Avionics,D17 - Changi,Assist licensed engineers in performing line maintenance on commercial jets.
166,Rolls-Royce,Aviation Manufacturing,Quality Engineer Intern,Aircraft Systems Engineering,1800,Hybrid,8,Quality Assurance; Six Sigma; ISO 9001,D28 - Seletar,Conduct root cause analysis on turbine blade manufacturing defects.
167,ST Engineering Aerospace,Defense Aerospace,Process Engineer Intern,Aircraft Systems Engineering,1500,On-site,12,Lean Manufacturing; CAD; Hydraulics,D14 - Paya Lebar,Optimize component overhaul workflows for military transport aircraft.
168,Pratt & Whitney,Aerospace,Test Engineer Intern,Aircraft Systems Engineering,1700,On-site,8,Engine Testing; Data Acquisition,D17 - Changi,Support the testing of commercial jet engines post-overhaul to ensure performance.
169,GE Aerospace,Aviation,Engine Workshop Specialist,Aircraft Systems Engineering,1650,On-site,12,Turbine Maintenance; NDT,D17 - Changi,"Participate in engine disassembly, inspection, and non-destructive testing."
170,Jet Aviation,Business Aviation,Aviation Certifying Staff Trainee,Aircraft Systems Engineering,1500,On-site,8,Airworthiness; Technical Logs,D28 - Seletar,Review aircraft technical logs and assist in airworthiness certification processes.
171,Airbus Singapore,Aerospace,Engine MRO Engineer,Aircraft Systems Engineering,1900,Hybrid,12,MRO Operations; CAD; Project Management,D28 - Seletar,"Support maintenance, repair, and overhaul engineering projects for A350 components."
172,Boeing Singapore,Aviation,Production Engineer Intern,Aircraft Systems Engineering,1850,On-site,8,Production Planning; AutoCAD,D1 - CBD,Assist in production scheduling and supply chain tracking for aircraft components.
173,Scoot,Aviation Transport,Maintenance Planner,Aircraft Systems Engineering,1400,Hybrid,12,Maintenance Scheduling; Excel,D17 - Changi,Plan and schedule routine aircraft maintenance checks to minimize AOG time.
174,DSTA,Defense Tech,Fleet Manager Intern,Aircraft Systems Engineering,1800,On-site,8,Fleet Analytics; System Engineering,D5 - Science Park,Analyze operational data for defense aircraft fleets to optimize readiness.
175,Grab,Technology,AI Engineer Intern,Applied Artificial Intelligence,3000,Hybrid,12,Python; PyTorch; ML,D5 - One-North,Develop deep learning models for ride-hailing demand prediction.
176,GovTech,Government,Machine Learning Engineer,Applied Artificial Intelligence,2800,Hybrid,8,Python; TensorFlow; NLP,D5 - Buona Vista,Build NLP models to summarize citizen feedback for policy planning.
177,TikTok,Social Media,Data Engineer (Machine Learning Specialist),Applied Artificial Intelligence,3200,Hybrid,12,SQL; Spark; Python; Hadoop,D1 - Raffles Place,Build scalable data pipelines to feed real-time recommendation engines.
178,A*STAR,Research,AI Application Engineer,Applied Artificial Intelligence,2200,On-site,8,Computer Vision; C++; OpenCV,D5 - One-North,Deploy computer vision algorithms for automated defect detection in manufacturing.
179,Google,Technology,AI Engineer Intern,Applied Artificial Intelligence,3500,Hybrid,12,TensorFlow; GCP; Python,D5 - Pasir Panjang,Train generative AI models for regional language translation features.
180,Meta,Technology,Machine Learning Engineer,Applied Artificial Intelligence,3500,Hybrid,8,PyTorch; React; Data Structures,D1 - Marina Bay,Optimize machine learning inference latency for mobile AR applications.
181,Sea Group,Technology,Data Engineer (Machine Learning Specialist),Applied Artificial Intelligence,3000,Hybrid,12,Kafka; Python; AWS,D5 - Buona Vista,Design real-time streaming architectures for e-commerce fraud detection.
182,Dyson,Consumer Electronics,AI Application Engineer,Applied Artificial Intelligence,2600,Hybrid,8,Python; IoT Analytics; Edge AI,D5 - One-North,Implement lightweight AI models on edge devices for smart home appliances.
183,SingHealth,Healthcare,AI Engineer Intern,Applied Artificial Intelligence,2000,On-site,12,Medical Imaging; PyTorch,D3 - Outram,Develop AI algorithms to assist radiologists in detecting anomalies in X-rays.
184,HTX,Government Tech,Machine Learning Engineer,Applied Artificial Intelligence,2500,On-site,8,Video Analytics; Python,D20 - Bishan,Train object detection models for homeland security video surveillance systems.
185,DBS Bank,Fintech,Data Analyst Intern,Applied Computing (Fintech),1800,Hybrid,12,SQL; Tableau; Python,D1 - Marina Bay,Analyze consumer transaction data to improve digital banking user experiences.
186,Stripe,Fintech,Data Engineer Intern,Applied Computing (Fintech),3200,Hybrid,8,SQL; Spark; Airflow,D2 - Tanjong Pagar,Build robust ETL pipelines to process high-volume payment transaction logs.
187,Garena,Gaming & Fintech,Software Engineer Intern,Applied Computing (Fintech),2500,Hybrid,12,Java; Spring Boot; MySQL,D5 - One-North,Develop backend microservices for digital wallet and micro-transaction platforms.
188,Coinhako,Crypto Fintech,DevOps Engineer Intern,Applied Computing (Fintech),2200,Hybrid,8,Docker; Kubernetes; AWS,D2 - Shenton Way,Automate cloud infrastructure provisioning for secure digital asset exchanges.
189,OCBC Bank,Banking,Data Analyst Intern,Applied Computing (Fintech),1700,Hybrid,12,Python; Power BI; Finance,D1 - Raffles Place,Create dashboards to track wealth management portfolio performance metrics.
190,Wise,Fintech,Software Engineer Intern,Applied Computing (Fintech),3000,Hybrid,8,Java; React; Microservices,D2 - Tanjong Pagar,Implement cross-border payment API integrations for enterprise clients.
191,Grab Financial,Fintech,Data Engineer Intern,Applied Computing (Fintech),2800,Hybrid,12,Python; Kafka; SQL,D5 - One-North,Manage real-time streaming data infrastructure for credit scoring models.
192,Standard Chartered,Banking,DevOps Engineer Intern,Applied Computing (Fintech),2000,Hybrid,8,CI/CD; Jenkins; Linux,D1 - Marina Bay,Maintain automated deployment pipelines for global banking web applications.
193,Endowus,Wealthtech,Software Engineer Intern,Applied Computing (Fintech),2400,Hybrid,12,Node.js; React; PostgreSQL,D1 - CBD,Develop frontend components and backend APIs for a robo-advisory platform.
194,MAS (Monetary Authority of Singapore),Government,Data Analyst Intern,Applied Computing (Fintech),2000,Hybrid,8,R; Python; Data Visualization,D2 - Tanjong Pagar,Analyze macroeconomic datasets to support fintech regulatory sandboxes.
195,NCS Group,IT Consulting,Software Engineer,Applied Computing Degree (via CSM Pathway),1600,Hybrid,12,Java; .NET; SQL,D20 - Ang Mo Kio,Develop enterprise web applications for public sector digital transformation.
196,Accenture,Consulting,Data Analyst Intern,Applied Computing Degree (via CSM Pathway),1800,Hybrid,8,Tableau; SQL; Excel,D1 - Raffles Place,Assist in data migration and visualization for enterprise CRM implementations.
197,Synapxe,Healthtech,Systems Analyst Intern,Applied Computing Degree (via CSM Pathway),1700,On-site,12,UML; SQL; Healthcare IT,D5 - One-North,Gather requirements and design specifications for electronic medical record systems.
198,Singtel,Telecommunications,Cloud Solutions Specialist,Applied Computing Degree (via CSM Pathway),1800,Hybrid,8,AWS; Azure; Terraform,D9 - Orchard,Support the migration of legacy telecommunication systems to public cloud platforms.
199,IBM,Technology,Software Engineer,Applied Computing Degree (via CSM Pathway),2000,Hybrid,12,Python; React; Kubernetes,D17 - Changi Business Park,Build hybrid cloud software solutions for financial sector clients.
200,Capgemini,Consulting,Systems Analyst Intern,Applied Computing Degree (via CSM Pathway),1750,Hybrid,8,Business Analysis; Agile; Jira,D1 - CBD,Translate client business requirements into technical user stories for developers.
201,HP Inc,Hardware Tech,Data Analyst Intern,Applied Computing Degree (via CSM Pathway),1600,Hybrid,12,Power BI; Python,D4 - Telok Blangah,Analyze supply chain telemetry data to optimize printer manufacturing yields.
202,Amazon Web Services,Cloud Computing,Cloud Solutions Specialist,Applied Computing Degree (via CSM Pathway),3000,Hybrid,8,AWS; Networking; Linux,D1 - CBD,Help startups architect scalable web applications on AWS infrastructure.
203,Visa,Fintech,Software Engineer,Applied Computing Degree (via CSM Pathway),2500,Hybrid,12,Java; Go; Microservices,D1 - Raffles Place,Develop secure backend services for global payment processing networks.
204,GovTech,Government,Systems Analyst Intern,Applied Computing Degree (via CSM Pathway),1900,Hybrid,8,Requirements Engineering; SQL,D5 - Buona Vista,Coordinate user acceptance testing for citizen-facing digital service portals.
205,Changi Airport Group,Aviation,Airports Operations Executive,Aviation Management,1500,On-site,12,Operations Management; Data Analysis,D17 - Changi,Optimize passenger flow and manage terminal operations during peak flight hours.
206,SIA,Aviation Transport,Airline Manager Intern,Aviation Management,1600,Hybrid,8,Revenue Management; Analytics,D17 - Changi,Analyze historical booking data to optimize seat pricing and route profitability.
207,Surbana Jurong,Consulting,Aviation Consultant Intern,Aviation Management,1400,Hybrid,12,Project Planning; AutoCAD,D22 - Jurong,Assist in master-planning and feasibility studies for regional airport developments.
208,CAAS,Government,Aviation Regulatory Officer,Aviation Management,1500,Hybrid,8,Policy Analysis; Aviation Law,D17 - Changi,Support the review of aviation safety policies and drone flight regulations.
209,SATS,Aviation Services,Aviation Business Specialist,Aviation Management,1400,On-site,12,Business Development; CRM,D17 - Changi,Assist in drafting commercial proposals for airline ground handling contracts.
210,DHL Global Forwarding,Logistics,Freight Forwarding Executive,Aviation Management,1450,On-site,8,Supply Chain; Customs Documentation,D17 - Changi,Coordinate international air freight shipments and manage customs clearances.
211,dnata,Aviation Services,Ground Handling Operations Specialist,Aviation Management,1300,On-site,12,Logistics; Safety Compliance,D17 - Changi,Supervise ramp handling operations and ensure aircraft turnaround efficiency.
212,Thales,Aviation Tech,Technology Manager Intern,Aviation Management,1800,Hybrid,8,Project Management; Avionics,D17 - Changi Business Park,Manage the deployment schedules for in-flight entertainment system upgrades.
213,Jetstar Asia,Aviation Transport,Airline Manager Intern,Aviation Management,1500,Hybrid,12,Network Planning; Excel,D17 - Changi,Evaluate competitor route networks and propose new leisure destination flights.
214,FedEx Express,Logistics,Freight Forwarding Executive,Aviation Management,1500,On-site,8,Air Cargo; Logistics Management,D17 - Changi,Monitor air cargo hub operations and resolve freight routing delays.
215,PwC,Consulting,Business Analyst (BA),Business and Infocomm Technology,1500,Hybrid,12,Process Mapping; Visio; Excel,D1 - Raffles Place,Document current-state business processes for digital transformation projects.
216,Singtel,Telecommunications,Business Intelligence Manager (BIM),Business and Infocomm Technology,1800,Hybrid,8,Tableau; SQL; Data Analytics,D9 - Orchard,Develop executive dashboards tracking mobile subscriber growth and churn rates.
217,Ernst & Young,Consulting,Digital Transformation Consultant,Business and Infocomm Technology,1600,Hybrid,12,Change Management; UI/UX,D1 - Raffles Place,Advise retail clients on adopting e-commerce omnichannel technology solutions.
218,DBS Bank,Banking,Business Technology Manager,Business and Infocomm Technology,1900,Hybrid,8,Agile; Scrum; Project Management,D1 - Marina Bay,Manage the delivery timeline for consumer banking mobile app feature releases.
219,Accenture,Consulting,Business Technology Consultant,Business and Infocomm Technology,1700,Hybrid,12,SAP; Business Analysis,D1 - Raffles Place,Assist in ERP system integrations and coordinate user training programs.
220,IBM,Technology,Enterprise Architect Intern,Business and Infocomm Technology,2000,Hybrid,8,TOGAF; Cloud Architecture,D17 - Changi Business Park,Support senior architects in designing hybrid cloud blueprints for enterprise clients.
221,GovTech,Government,Business Analyst (BA),Business and Infocomm Technology,1800,Hybrid,12,Jira; Agile Methodologies,D5 - Buona Vista,Gather requirements for smart nation digital initiatives and write user stories.
222,Shopee,E-Commerce,Business Intelligence Manager (BIM),Business and Infocomm Technology,2000,Hybrid,8,Python; SQL; Power BI,D5 - Science Park,Analyze cross-border logistics data to identify supply chain bottlenecks.
223,KPMG,Consulting,Digital Transformation Consultant,Business and Infocomm Technology,1500,Hybrid,12,Data Strategy; RPA,D2 - Tanjong Pagar,Identify processes suitable for Robotic Process Automation in financial firms.
224,NCS Group,IT Services,Enterprise Architect Intern,Business and Infocomm Technology,1600,Hybrid,8,System Design; Integration,D20 - Ang Mo Kio,Document system architectures for public sector legacy system modernization.
225,ExxonMobil,Energy,Process Engineer Intern,Chemical Engineering,1800,On-site,12,Aspen HYSYS; Thermodynamics,D22 - Jurong Island,Monitor refinery distillation column performance and optimize heat exchanger networks.
226,Shell,Energy,Production Engineer Intern,Chemical Engineering,1750,On-site,8,Process Control; Safety,D22 - Bukom,Assist in day-to-day chemical plant operations and troubleshoot production upsets.
227,GSK,Pharmaceuticals,Quality Engineer Intern,Chemical Engineering,1600,On-site,12,GMP; Statistical Quality Control,D22 - Tuas,Perform quality audits on pharmaceutical batch manufacturing processes.
228,Chevron Oronite,Chemicals,HSE Engineer Intern,Chemical Engineering,1700,On-site,8,Risk Assessment; OSHA,D22 - Jurong Island,Conduct process hazard analyses and ensure compliance with environmental regulations.
229,Keppel Infrastructure,Energy,Energy Manager Intern,Chemical Engineering,1500,Hybrid,12,Energy Auditing; Thermodynamics,D22 - Jurong,Analyze waste-to-energy plant efficiency and propose carbon footprint reductions.
230,Micron,Semiconductors,Automation Engineer Intern,Chemical Engineering,1900,On-site,8,PLC; Process Optimization,D25 - Woodlands,Automate chemical vapor deposition tool recipes to improve semiconductor yield.
231,Procter & Gamble,FMCG,Data Analyst Intern,Chemical Engineering,2000,Hybrid,12,Power BI; Supply Chain Analytics,D5 - Metropolis,Analyze chemical raw material pricing trends and optimize inventory models.
232,A*STAR (ICES),Research,Researcher Intern,Chemical Engineering,1500,On-site,8,Catalysis; Lab Techniques,D22 - Jurong Island,Conduct lab experiments to develop novel catalytic materials for green chemistry.
233,BASF,Chemicals,Process Engineer Intern,Chemical Engineering,1650,On-site,12,Process Simulation; P&ID,D22 - Jurong Island,Update Piping and Instrumentation Diagrams and support plant debottlenecking studies.
234,Pfizer,Pharmaceuticals,Production Engineer Intern,Chemical Engineering,1700,On-site,8,Biomanufacturing; CIP/SIP,D22 - Tuas,Support downstream purification operations for active pharmaceutical ingredients.
235,Arup,Engineering Consulting,Structural Engineer Intern,Civil Engineering,1500,Hybrid,12,AutoCAD; ETABS; SAP2000,D1 - CBD,Perform structural analysis for high-rise commercial building developments.
236,LTA,Government,Building and Construction Specialist,Civil Engineering,1450,On-site,8,Project Management; Site Inspection,D11 - Novena,Monitor construction progress of MRT tunnels and ensure safety compliance.
237,Surbana Jurong,Consulting,Engineering Design Consultant,Civil Engineering,1400,Hybrid,12,Civil 3D; Revit,D22 - Jurong,Design stormwater drainage and earthworks layouts for industrial estates.
238,CapitaLand,Real Estate,Facility Operations Engineer,Civil Engineering,1500,On-site,8,Facilities Management; HVAC,D1 - Raffles Place,Manage structural maintenance and facade inspections for commercial properties.
239,HDB,Government,Government Agency Engineer,Civil Engineering,1400,On-site,12,Geotechnical Engineering; CAD,D12 - Toa Payoh,Review foundation designs and site investigation reports for public housing projects.
240,CDL,Real Estate,Property Development Specialist,Civil Engineering,1550,Hybrid,8,Tender Preparation; Project Planning,D1 - Raffles Place,Assist in evaluating main contractor tender submissions for residential projects.
241,Mott MacDonald,Engineering,Structural Engineer Intern,Civil Engineering,1500,Hybrid,12,BIM; Structural Dynamics,D2 - Shenton Way,Model structural responses of underground stations to seismic loads.
242,JTC Corporation,Government,Building and Construction Specialist,Civil Engineering,1450,On-site,8,Construction Management; Safety,D22 - Jurong,Supervise the construction of advanced manufacturing facilities and audit contractors.
243,Beca,Engineering Consulting,Engineering Design Consultant,Civil Engineering,1400,Hybrid,12,AutoCAD; Civil Engineering,D11 - Novena,Assist in the master planning and infrastructure design of healthcare facilities.
244,PUB,Government,Government Agency Engineer,Civil Engineering,1450,On-site,8,Hydraulics; Water Resources,D11 - Newton,Support the design and maintenance monitoring of deep tunnel sewerage systems.
245,Mediacorp,Media,Digital Content Creator,Communication and Digital Media,1100,Hybrid,12,Premiere Pro; After Effects,D5 - One-North,Produce and edit short-form video content for national news social media channels.
246,Ogilvy,Advertising,Digital Media Strategist,Communication and Digital Media,1200,Hybrid,8,SEO; Google Analytics; Copywriting,D2 - Tanjong Pagar,Develop localized digital marketing campaigns for FMCG brand product launches.
247,Publicis Groupe,Advertising,Digital Media Analyst,Communication and Digital Media,1250,Hybrid,12,Tableau; Social Listening,D1 - CBD,Analyze social media sentiment metrics to measure campaign effectiveness.
248,Razer,Technology,Branding Specialist Intern,Communication and Digital Media,1500,Hybrid,8,Brand Identity; Adobe Creative Suite,D5 - One-North,Create brand assets and marketing copy for global gaming peripheral launches.
249,Shopee,E-Commerce,Digital Content Creator,Communication and Digital Media,1400,Hybrid,12,TikTok; Content Strategy,D5 - Science Park,Conceptualize and host live-stream shopping events to drive user engagement.
250,Dentsu,Advertising,Digital Media Strategist,Communication and Digital Media,1200,Hybrid,8,Media Planning; Paid Social,D2 - Tanjong Pagar,Assist in allocating digital ad spend across Meta and Google platforms.
251,Grab,Technology,Digital Media Analyst,Communication and Digital Media,1600,Hybrid,12,SQL; Performance Marketing,D5 - One-North,Track user acquisition funnel metrics and optimize app-install ad campaigns.
252,Singapore Tourism Board,Government,Branding Specialist Intern,Communication and Digital Media,1300,Hybrid,8,Marketing Strategy; PR,D9 - Orchard,Support international PR campaigns to promote Singapore as a travel destination.
253,TBWA,Advertising,Digital Content Creator,Communication and Digital Media,1150,Hybrid,12,Copywriting; Graphic Design,D1 - CBD,Design social media graphics and write engaging copy for client brand accounts.
254,ByteDance,Technology,Digital Media Strategist,Communication and Digital Media,1800,Hybrid,8,Content Moderation; Market Research,D1 - Raffles Place,Research regional content trends to advise creators on viral video strategies.
255,STMicroelectronics,Semiconductors,Embedded Systems Engineer,Computer Engineering,1800,On-site,12,C; ARM Cortex; RTOS,D20 - Ang Mo Kio,Develop low-level firmware for IoT microcontrollers and debug hardware interfaces.
256,Continental Automotive,Automotive Tech,Intelligent Transportation Systems Engineer,Computer Engineering,1700,Hybrid,8,C++; CAN Bus; Python,D12 - Kallang,Implement V2X communication protocols for autonomous vehicle research.
257,Keysight Technologies,Electronics,Application Engineer Intern,Computer Engineering,1600,Hybrid,12,LabVIEW; RF Testing; C#,D27 - Yishun,Design automated test scripts for validating 5G network communication equipment.
258,Synopsys,Semiconductor EDA,Design Engineer Intern,Computer Engineering,1900,Hybrid,8,Verilog; SystemVerilog; FPGA,D5 - One-North,Write RTL code and simulate logic designs for next-generation ASIC chips.
259,Dyson,Consumer Electronics,Embedded Systems Engineer,Computer Engineering,2000,On-site,12,C++; Microcontrollers; Git,D5 - One-North,Program motor control algorithms for smart home appliance prototypes.
260,LTA,Government,Intelligent Transportation Systems Engineer,Computer Engineering,1600,Hybrid,8,Systems Architecture; Python,D11 - Novena,Analyze traffic sensor data to optimize smart traffic light control algorithms.
261,National Instruments,Electronics,Application Engineer Intern,Computer Engineering,1650,Hybrid,12,Python; LabVIEW; Electronics,D5 - Science Park,Assist customers in building automated data acquisition systems for manufacturing.
262,AMD,Semiconductors,Design Engineer Intern,Computer Engineering,2200,Hybrid,8,Computer Architecture; C++; Python,D17 - Changi Business Park,Develop software simulators to test CPU microarchitecture performance.
263,GovTech,Government,Embedded Systems Engineer,Computer Engineering,1800,Hybrid,12,C; IoT Sensors; MQTT,D5 - Buona Vista,Build firmware for environmental IoT sensors deployed across smart estates.
264,Micron,Semiconductors,Application Engineer Intern,Computer Engineering,1850,On-site,8,Python; SQL; Automation,D25 - Woodlands,Develop software tools to automate semiconductor wafer test data analysis.
265,Ubisoft,Gaming,VR/AR Software Developer,Computer Science in Interactive Media and Game Development,1800,On-site,12,Unity; C#; VR Headsets,D5 - One-North,Prototype immersive VR interaction mechanics for an unannounced game project.
266,Koei Tecmo,Gaming,Gameplay Programmer Intern,Computer Science in Interactive Media and Game Development,1600,On-site,8,C++; Unreal Engine; 3D Math,D5 - One-North,Program character combat mechanics and AI pathfinding behaviors.
267,Mighty Bear Games,Gaming,Tools Programmer Intern,Computer Science in Interactive Media and Game Development,1500,Hybrid,12,Python; Unity Editor; Git,D1 - CBD,Create custom pipeline tools to streamline 3D asset integration for artists.
268,Razer,Gaming Tech,UI/UX Developer Intern,Computer Science in Interactive Media and Game Development,1600,Hybrid,8,Figma; Unity UI; C#,D5 - One-North,Design and implement responsive user interfaces for gaming software dashboards.
269,Bandai Namco,Gaming,VR/AR Software Developer,Computer Science in Interactive Media and Game Development,1700,On-site,12,Unreal Engine; C++; Blueprint,D5 - One-North,Develop augmented reality mini-games for mobile marketing campaigns.
270,Garena,Gaming,Gameplay Programmer Intern,Computer Science in Interactive Media and Game Development,2200,Hybrid,8,C++; Network Programming,D5 - One-North,Optimize client-server synchronization for real-time mobile multiplayer games.
271,Secretlab,Gaming Furniture,Tools Programmer Intern,Computer Science in Interactive Media and Game Development,1600,Hybrid,12,WebGL; Three.js; JavaScript,D14 - MacPherson,Build 3D web configurator tools for customizing gaming chairs online.
272,Mediacorp,Media,UI/UX Developer Intern,Computer Science in Interactive Media and Game Development,1300,Hybrid,8,React; Figma; HTML/CSS,D5 - One-North,Enhance the accessibility and navigation flow of digital streaming platforms.
273,Gumi Asia,Gaming,Gameplay Programmer Intern,Computer Science in Interactive Media and Game Development,1500,Hybrid,12,C#; Unity3D; Mobile Dev,D5 - One-North,Implement gacha mechanics and quest systems for a mobile RPG.
274,DSTA,Defense Tech,VR/AR Software Developer,Computer Science in Interactive Media and Game Development,1800,On-site,8,C++; VR; Simulation,D5 - Science Park,Develop immersive virtual reality training simulations for military personnel.
275,Koei Tecmo,Gaming,Game Engine Developer,Computer Science in Real-Time Interactive Simulation,1800,On-site,12,C++; OpenGL; DirectX,D5 - One-North,Optimize rendering pipelines and shadow mapping algorithms in a custom C++ engine.
276,DSTA,Defense Tech,VR/AR Software Developer,Computer Science in Real-Time Interactive Simulation,2000,On-site,8,C++; Unreal Engine; Physics,D5 - Science Park,Build physics-accurate ballistics simulations for defense training platforms.
277,GovTech,Government,Computer Scientist Intern,Computer Science in Real-Time Interactive Simulation,2500,Hybrid,12,Python; C++; Distributed Systems,D5 - Buona Vista,Research distributed computing frameworks for real-time smart city simulations.
278,Thales,Defense Aerospace,Artificial Intelligence Developer,Computer Science in Real-Time Interactive Simulation,1900,Hybrid,8,C++; Computer Vision,D17 - Changi Business Park,Develop real-time object tracking algorithms for naval radar systems.
279,Ubisoft,Gaming,Game Engine Developer,Computer Science in Real-Time Interactive Simulation,2000,On-site,12,C++; Multithreading; Memory Management,D5 - One-North,Improve engine multithreading architecture to maximize console hardware performance.
280,LTA,Government,VR/AR Software Developer,Computer Science in Real-Time Interactive Simulation,1600,Hybrid,8,Unity; C#; Digital Twins,D11 - Novena,Create 3D digital twin visualizations of upcoming underground MRT stations.
281,A*STAR (IHPC),Research,Computer Scientist Intern,Computer Science in Real-Time Interactive Simulation,1800,On-site,12,C++; CUDA; Simulation,D5 - One-North,Write GPU-accelerated code to simulate fluid dynamics in urban environments.
282,Grab,Technology,Artificial Intelligence Developer,Computer Science in Real-Time Interactive Simulation,3000,Hybrid,8,Python; Deep Learning,D5 - One-North,Train reinforcement learning agents to optimize real-time driver routing.
283,Bandai Namco,Gaming,Game Engine Developer,Computer Science in Real-Time Interactive Simulation,1900,On-site,12,C++; HLSL; Vulkan,D5 - One-North,Implement low-level graphics APIs and custom shaders for next-gen consoles.
284,Sea Group,Technology,Computer Scientist Intern,Computer Science in Real-Time Interactive Simulation,2800,Hybrid,8,C++; Algorithm Design,D5 - Buona Vista,Optimize backend matchmaking algorithms for high-concurrency gaming servers.
285,GovTech,Government,Software Engineer Intern,Computing Science,2500,Hybrid,12,Go; React; Kubernetes,D5 - Buona Vista,Develop cloud-native microservices for the National Digital Identity platform.
286,Ensign InfoSecurity,Cybersecurity,Cybersecurity Analyst,Computing Science,2200,Hybrid,8,Python; SIEM; Wireshark,D14 - Paya Lebar,Monitor network traffic logs and investigate suspicious security incidents.
287,AWS,Cloud Computing,Cloud Solutions Architect Intern,Computing Science,3200,Hybrid,12,AWS; Terraform; Python,D1 - CBD,"Assist enterprise clients in designing resilient, serverless cloud architectures."
288,Shopee,E-Commerce,Data Scientist Intern,Computing Science,2800,Hybrid,8,Python; SQL; Machine Learning,D5 - Science Park,Build predictive models to identify fraudulent buyer accounts and fake reviews.
289,DBS Bank,Banking,Software Engineer Intern,Computing Science,2200,Hybrid,12,Java; Spring Boot; Microservices,D1 - Marina Bay,Construct secure backend APIs for corporate banking payment gateways.
290,Singtel Trustwave,Cybersecurity,Cybersecurity Analyst,Computing Science,2000,On-site,8,Incident Response; Splunk,D19 - Serangoon,Analyze malware samples and triage security alerts in the Security Operations Center.
291,Microsoft,Technology,Cloud Solutions Architect Intern,Computing Science,3000,Hybrid,12,Azure; C#; Cloud Infrastructure,D1 - Marina Bay,Develop proof-of-concept cloud solutions utilizing Azure AI services.
292,Grab,Technology,Data Scientist Intern,Computing Science,3000,Hybrid,8,Python; R; A/B Testing,D5 - One-North,Design A/B tests and analyze experimental data to optimize food delivery algorithms.
293,TikTok,Social Media,Software Engineer Intern,Computing Science,3500,Hybrid,12,C++; Go; Distributed Systems,D1 - Raffles Place,Optimize the latency of global distributed storage systems handling video content.
294,Standard Chartered,Banking,Cybersecurity Analyst,Computing Science,2100,Hybrid,8,Identity Access Management; Cyber Risk,D1 - Marina Bay,Review application security architectures and enforce access control policies.
295,National University Hospital,Healthcare,Hospital Radiographer Intern,Diagnostic Radiography,1100,On-site,12,X-Ray; Patient Positioning,D5 - Kent Ridge,Perform general diagnostic X-rays under supervision in the emergency department.
296,Singapore General Hospital,Healthcare,Clinical Diagnostic Radiographer,Diagnostic Radiography,1100,On-site,8,CT Scan; Radiation Safety,D3 - Outram,Assist senior radiographers with complex computed tomography imaging protocols.
297,Tan Tock Seng Hospital,Healthcare,Medical Centre Radiographer,Diagnostic Radiography,1100,On-site,12,MRI; Patient Care,D11 - Novena,Prepare patients for MRI scans and monitor safety protocols regarding metallic implants.
298,Raffles Medical Group,Private Healthcare,Private Clinic Imaging Specialist,Diagnostic Radiography,1200,On-site,8,Ultrasound; Mammography,D7 - Bugis,Support sonographers in performing routine health screening ultrasound scans.
299,Changi General Hospital,Healthcare,Hospital Radiographer Intern,Diagnostic Radiography,1100,On-site,12,Fluoroscopy; PACS,D18 - Simei,Operate fluoroscopy equipment for gastrointestinal studies and manage digital image archives.
300,Khoo Teck Puat Hospital,Healthcare,Clinical Diagnostic Radiographer,Diagnostic Radiography,1100,On-site,8,Trauma Radiography; X-Ray,D27 - Yishun,Capture urgent diagnostic images for acute trauma patients in the A&E.
301,Sengkang General Hospital,Healthcare,Medical Centre Radiographer,Diagnostic Radiography,1100,On-site,12,Bone Densitometry; Patient Communication,D19 - Sengkang,Conduct DEXA scans to evaluate patient bone mineral density and osteoporosis risk.
302,Mount Elizabeth Hospital,Private Healthcare,Private Clinic Imaging Specialist,Diagnostic Radiography,1200,On-site,8,CT Angiography; IV Cannulation,D9 - Orchard,Assist radiologists during advanced cardiovascular CT imaging procedures.
303,Ng Teng Fong General Hospital,Healthcare,Hospital Radiographer Intern,Diagnostic Radiography,1100,On-site,12,Mobile Radiography; Infection Control,D22 - Jurong East,Perform bedside mobile X-rays for non-ambulatory intensive care patients.
304,Parkway Shenton,Private Healthcare,Clinical Diagnostic Radiographer,Diagnostic Radiography,1200,On-site,8,General Radiography; Radiation Protection,D1 - CBD,Manage daily clinical imaging workflows in a high-volume corporate health screening center.
305,Changi General Hospital,Healthcare,Clinical Dietitian Intern,Dietetics and Nutrition,1000,On-site,12,Clinical Nutrition; Patient Assessment,D18 - Simei,Conduct nutritional assessments and design therapeutic diets for hospital inpatients.
306,Khoo Teck Puat Hospital,Healthcare,Hospital Nutritionist Intern,Dietetics and Nutrition,1000,On-site,8,Public Health; Meal Planning,D27 - Yishun,Evaluate inpatient hospital menus and organize community nutrition workshops.
307,NTUC Health,Community Healthcare,Long-Term Care Nutrition Specialist,Dietetics and Nutrition,1100,On-site,12,Geriatric Nutrition; Dysphagia Diets,D22 - Jurong West,Prescribe texture-modified diets for elderly residents with swallowing difficulties.
308,SingHealth Polyclinics,Healthcare,Polyclinic Dietitian Intern,Dietetics and Nutrition,1050,On-site,8,Diabetes Counseling; Chronic Disease Management,D14 - Geylang,Provide one-on-one dietary counseling for patients managing type 2 diabetes.
309,Singapore General Hospital,Healthcare,Clinical Dietitian Intern,Dietetics and Nutrition,1000,On-site,12,Enteral Feeding; ICU Nutrition,D3 - Outram,Calculate parenteral and enteral nutrition requirements for critically ill patients.
310,National University Hospital,Healthcare,Hospital Nutritionist Intern,Dietetics and Nutrition,1000,On-site,8,Pediatric Nutrition; Diet Planning,D5 - Kent Ridge,Assist in nutritional screening and weight management counseling for pediatric patients.
311,Ren Ci Hospital,Community Healthcare,Long-Term Care Nutrition Specialist,Dietetics and Nutrition,1050,On-site,12,Malnutrition Screening; Menu Optimization,D11 - Novena,Monitor the nutritional status of long-term care patients and optimize kitchen menus.
312,National Healthcare Group Polyclinics,Healthcare,Polyclinic Dietitian Intern,Dietetics and Nutrition,1050,On-site,8,Weight Management; Nutrition Education,D20 - Ang Mo Kio,Run group lifestyle modification clinics for patients with hyperlipidemia and obesity.
313,Tan Tock Seng Hospital,Healthcare,Clinical Dietitian Intern,Dietetics and Nutrition,1000,On-site,12,Oncology Nutrition; Dietetics,D11 - Novena,Provide specialized nutritional support to oncology patients undergoing chemotherapy.
314,St Luke's ElderCare,Community Healthcare,Long-Term Care Nutrition Specialist,Dietetics and Nutrition,1050,On-site,8,Geriatric Care; Supplement Prescribing,D19 - Hougang,Assess elderly clients in day-care centers and recommend oral nutritional supplements.
315,Koei Tecmo,Gaming,3D Artist Intern,Digital Art and Animation,1400,On-site,12,Maya; ZBrush; Substance Painter,D5 - One-North,Sculpt high-poly characters and create textures for console action games.
316,Bandai Namco,Gaming,Technical Artist Intern,Digital Art and Animation,1600,On-site,8,Maya; Python; Rigging,D5 - One-North,Develop character rigs and automate animation export pipelines using Python.
317,Lucasfilm (ILM),VFX,Character Animator Intern,Digital Art and Animation,1800,On-site,12,Maya; Keyframe Animation,D5 - One-North,Clean up motion capture data and animate stylized creature movements.
318,Lemon Sky Studios,Animation,Concept Artist Intern,Digital Art and Animation,1300,Hybrid,8,Photoshop; Digital Illustration,D1 - CBD,Paint environment concepts and character costume designs for fantasy RPGs.
319,Ubisoft,Gaming,3D Artist Intern,Digital Art and Animation,1500,On-site,12,3DS Max; Environment Art,D5 - One-North,Model and texture modular architectural assets for open-world environments.
320,Mighty Bear Games,Mobile Gaming,Technical Artist Intern,Digital Art and Animation,1500,Hybrid,8,Unity; Shaders; Optimization,D1 - CBD,Optimize mobile game asset draw calls and write custom vertex shaders.
321,Robot Playground Media,Animation,Character Animator Intern,Digital Art and Animation,1200,Hybrid,12,Toon Boom Harmony; 2D Animation,D14 - MacPherson,Animate 2D character sequences for local broadcast animated television series.
322,Garena,Gaming,Concept Artist Intern,Digital Art and Animation,1600,Hybrid,8,Photoshop; Character Design,D5 - One-North,"Design weapon concepts, UI icons, and promotional splash art illustrations."
323,One Animation,Animation Studios,3D Artist Intern,Digital Art and Animation,1300,On-site,12,Maya; Lighting; Rendering,D5 - One-North,Set up scene lighting and manage render farm outputs for a 3D animated series.
324,Razer Studios,Interactive Media,Technical Artist Intern,Digital Art and Animation,1500,Hybrid,8,Unreal Engine; VFX,D5 - One-North,Create real-time particle effects and technical shaders for interactive marketing demos.
325,DHL Supply Chain,Logistics,Supply Chain Analyst Intern,Digital Supply Chain,1500,Hybrid,12,Data Analytics; SQL; Excel,D18 - Tampines,Analyze warehouse picking efficiency and construct automated operational dashboards.
326,FedEx Express,Logistics,Demand and Inventory Analyst,Digital Supply Chain,1450,Hybrid,8,Demand Forecasting; SAP,D17 - Changi,Model seasonal air-freight demand volumes to optimize aircraft cargo space allocation.
327,DB Schenker,Logistics,Sustainable Sourcing Officer,Digital Supply Chain,1500,Hybrid,12,ESG; Carbon Footprinting,D14 - Paya Lebar,Audit carrier greenhouse gas emissions and evaluate alternative eco-friendly transport routes.
328,PSA Corporation,Maritime,Supply Chain Solutions Engineer,Digital Supply Chain,1800,On-site,8,Simulation; Python; Operations Research,D5 - Pasir Panjang,Model automated guided vehicle (AGV) routing to eliminate port congestion.
329,Shopee,E-Commerce,Supply Chain Analyst Intern,Digital Supply Chain,1700,Hybrid,12,Python; Power BI; Logistics,D5 - Science Park,Analyze last-mile delivery failure rates and propose routing algorithm improvements.
330,Unilever,FMCG,Demand and Inventory Analyst,Digital Supply Chain,1600,Hybrid,8,Inventory Management; Supply Chain,D5 - Mapletree Business City,Manage regional SKU inventory levels to prevent stockouts of fast-moving consumer goods.
331,L'Oreal,FMCG,Sustainable Sourcing Officer,Digital Supply Chain,1600,Hybrid,12,Procurement; Sustainability,D1 - Raffles Place,Evaluate packaging suppliers based on corporate sustainability and recyclability metrics.
332,Ninja Van,Logistics Tech,Supply Chain Solutions Engineer,Digital Supply Chain,1700,Hybrid,8,Route Optimization; Data Science,D14 - MacPherson,Develop machine learning models to predict parcel delivery transit times.
333,Keppel Logistics,Logistics,Supply Chain Analyst Intern,Digital Supply Chain,1400,On-site,12,WMS; Process Improvement,D22 - Jurong,Audit warehouse management system data to identify inventory discrepancies.
334,Apple,Technology,Demand and Inventory Analyst,Digital Supply Chain,2200,Hybrid,8,Data Analytics; Tableau; Excel,D20 - Ang Mo Kio,Support the regional supply chain team in forecasting hardware product demand.
335,Micron,Semiconductors,Electrical Engineer Intern,Electrical and Electronic Engineering,1900,On-site,12,Circuit Design; PCB Layout,D25 - Woodlands,Design and test high-speed memory integrated circuits for performance reliability.
336,Dyson,Consumer Electronics,Electronics Design Engineer,Electrical and Electronic Engineering,2000,On-site,8,Altium Designer; Power Electronics,D5 - One-North,Design digital PCB schematics and perform thermal simulations for smart appliances.
337,Schneider Electric,Energy,Power Engineer Intern,Electrical and Electronic Engineering,1700,Hybrid,12,Power Distribution; ETAP,D12 - Kallang,Model industrial electrical distribution systems and conduct fault level calculations.
338,Infineon,Semiconductors,Equipment Engineer Intern,Electrical and Electronic Engineering,1800,On-site,8,PLC; Sensor Instrumentation,D12 - Kallang,Troubleshoot semiconductor wafer fabrication equipment to improve manufacturing yield.
339,STMicroelectronics,Semiconductors,Electrical Engineer Intern,Electrical and Electronic Engineering,1800,On-site,12,Analog Design; CMOS,D20 - Ang Mo Kio,Assist in the design and layout of analog mixed-signal integrated circuits.
340,Continental Automotive,Automotive,Electronics Design Engineer,Electrical and Electronic Engineering,1750,Hybrid,8,Circuit Simulation; Automotive Electronics,D12 - Kallang,Develop and test electronic control unit (ECU) hardware for vehicle dashboards.
341,SP Group,Utilities,Power Engineer Intern,Electrical and Electronic Engineering,1700,On-site,12,High Voltage; Grid Operations,D12 - Kallang,Support engineering studies on 66kV transmission substation protection relay upgrades.
342,GlobalFoundries,Semiconductors,Equipment Engineer Intern,Electrical and Electronic Engineering,1750,On-site,8,Semiconductor Manufacturing; Cleanroom,D25 - Woodlands,Perform preventive maintenance and calibrate plasma etching tools in the cleanroom.
343,Advanced Micro Devices (AMD),Semiconductors,Electrical Engineer Intern,Electrical and Electronic Engineering,2100,Hybrid,12,Verilog; ASIC Testing,D17 - Changi Business Park,Perform post-silicon validation and electrical characterization on new microprocessors.
344,Resmed,Medical Devices,Electronics Design Engineer,Electrical and Electronic Engineering,1800,On-site,8,PCB Design; Regulatory Testing,D5 - Science Park,Assist in testing CPAP machine electronics for electromagnetic compatibility compliance.
345,GlobalFoundries,Semiconductors,Electrical Systems Engineer,Electrical and Electronic Engineering Degree (via CSM Pathway),1750,On-site,12,Statistical Process Control; Wafer Fab,D25 - Woodlands,Monitor electrical parameters of wafer fabrication tools and analyze fault diagnostics.
346,Murata,Electronics,Automation Specialist Intern,Electrical and Electronic Engineering Degree (via CSM Pathway),1600,On-site,8,PLC; SCADA; Robotics,D27 - Yishun,Implement SCADA automation scripts to optimize high-speed component assembly lines.
347,Siemens,Industrial Engineering,Power Systems Engineer,Electrical and Electronic Engineering Degree (via CSM Pathway),1800,Hybrid,12,PSS/E; Electrical Simulation,D13 - MacPherson,Perform power system load flow studies for integrating regional renewable energy sources.
348,Micron,Semiconductors,Electrical Systems Engineer,Electrical and Electronic Engineering Degree (via CSM Pathway),1850,On-site,8,Yield Analysis; Failure Analysis,D25 - Woodlands,Analyze electrical test data to identify failure modes in memory chips.
349,Makino Asia,Manufacturing,Automation Specialist Intern,Electrical and Electronic Engineering Degree (via CSM Pathway),1500,On-site,12,CNC; Control Systems,D22 - Gul Way,Program logic controllers to automate precision machine tool material handling.
350,ABB,Automation,Power Systems Engineer,Electrical and Electronic Engineering Degree (via CSM Pathway),1750,Hybrid,8,Power Electronics; Smart Grid,D1 - CBD,Assist in designing switchgear protection systems for commercial data centers.
351,SMC Corporation,Pneumatics,Electrical Systems Engineer,Electrical and Electronic Engineering Degree (via CSM Pathway),1500,On-site,12,Circuit Troubleshooting; Industrial Automation,D22 - Jurong,Test and troubleshoot electrical control panels for automated pneumatic machinery.
352,Rolls-Royce,Aviation,Automation Specialist Intern,Electrical and Electronic Engineering Degree (via CSM Pathway),1800,On-site,8,Robotics; Data Acquisition,D28 - Seletar,Integrate sensors and robotic arms to automate aerospace component inspections.
353,Keppel Infrastructure,Energy,Power Systems Engineer,Electrical and Electronic Engineering Degree (via CSM Pathway),1650,On-site,12,SCADA; High Voltage,D22 - Jurong Island,Monitor electrical distribution systems and SCADA networks at district cooling plants.
354,Vanguard International Semiconductor,Semiconductors,Electrical Systems Engineer,Electrical and Electronic Engineering Degree (via CSM Pathway),1700,On-site,8,Device Testing; Cleanroom,D18 - Pasir Ris,Perform parametric electrical testing on discrete power semiconductor devices.
355,SP Group,Utilities,Utility Power Specialist,Electrical Power Engineering,1700,On-site,12,Power Distribution; Substation Design,D12 - Kallang,Analyze grid load distribution and assist in designing high-voltage substations.
356,EDF Renewables,Renewable Energy,Sustainable Energy Specialist,Electrical Power Engineering,1800,Hybrid,8,Solar PV; Battery Storage,D1 - CBD,Model yield simulations for commercial rooftop solar installations.
357,Keppel Infrastructure,Energy,Power Generation Engineer,Electrical Power Engineering,1600,On-site,12,Thermal Engineering; Gas Turbines,D22 - Jurong Island,Analyze heat balance data and monitor operational efficiencies of combined-cycle gas turbines.
358,Sembcorp Industries,Renewables,Transport Energy Engineer,Electrical Power Engineering,1750,Hybrid,8,EV Charging; Smart Grid,D22 - Tuas,Model urban EV charging station power demand and evaluate grid load balancing.
359,LTA,Government,Utility Power Specialist,Electrical Power Engineering,1600,On-site,12,Railway Electrification; High Voltage,D11 - Novena,Evaluate the reliability of MRT traction power systems and third-rail infrastructure.
360,Sunseap Group,Renewable Energy,Sustainable Energy Specialist,Electrical Power Engineering,1600,Hybrid,8,PVsyst; Renewable Energy,D12 - Kallang,Assist in designing electrical schematics for floating solar farm deployments.
361,Tuas Power,Energy,Power Generation Engineer,Electrical Power Engineering,1600,On-site,12,Power Plant Operations; SCADA,D22 - Tuas,Support daily operations and maintenance scheduling for thermal power generators.
362,Tesla,Automotive,Transport Energy Engineer,Electrical Power Engineering,2200,Hybrid,8,Supercharging Infrastructure; Power Systems,D12 - Toa Payoh,Plan electrical infrastructure layouts for new public EV supercharger deployments.
363,Schneider Electric,Energy Management,Utility Power Specialist,Electrical Power Engineering,1700,Hybrid,12,Microgrids; Power Quality,D12 - Kallang,Conduct power quality audits and propose microgrid solutions for industrial clients.
364,Beca,Engineering Consulting,Sustainable Energy Specialist,Electrical Power Engineering,1500,Hybrid,8,Green Building; Energy Efficiency,D11 - Novena,Perform building energy modeling to optimize HVAC electrical consumption.
365,AMD,Semiconductors,Data Analyst Intern,Electronics and Data Engineering,2200,Hybrid,12,Python; SQL; Data Visualization,D17 - Changi Business Park,Analyze high-volume wafer probe test data using statistical algorithms to identify defects.
366,SSMC,Semiconductors,Process Engineer Intern,Electronics and Data Engineering,1700,On-site,8,Photolithography; SPC,D18 - Pasir Ris,Analyze semiconductor overlay data and troubleshoot critical dimension variations.
367,Rohde & Schwarz,Electronics,Test Engineer Intern,Electronics and Data Engineering,1600,On-site,12,RF Testing; Python,D17 - Changi Business Park,Build automated RF test routines to validate transmitter power outputs of 5G modules.
368,Vanguard International Semiconductor,Semiconductors,Electronics Engineer Intern,Electronics and Data Engineering,1650,On-site,8,Analog Circuit Design; Testing,D18 - Pasir Ris,Perform circuit simulation and parametric testing on discrete power devices.
369,Dyson,Consumer Tech,Data Analyst Intern,Electronics and Data Engineering,1900,Hybrid,12,Python; Power BI; IoT,D5 - One-North,Analyze telemetry data from smart vacuum cleaners to inform hardware design improvements.
370,Micron,Semiconductors,Process Engineer Intern,Electronics and Data Engineering,1850,On-site,8,Plasma Etching; Yield Analysis,D25 - Woodlands,Optimize dry etch tool parameters to improve memory chip manufacturing yields.
371,Keysight Technologies,Test & Measurement,Test Engineer Intern,Electronics and Data Engineering,1600,Hybrid,12,C#; Test Automation; Oscilloscopes,D27 - Yishun,Develop automated software scripts for validating high-frequency signal integrity.
372,Continental Automotive,Automotive,Electronics Engineer Intern,Electronics and Data Engineering,1700,Hybrid,8,PCB Layout; Microcontrollers,D12 - Kallang,Design and prototype embedded hardware interfaces for next-generation vehicle dashboards.
373,Grab,Technology,Data Analyst Intern,Electronics and Data Engineering,2000,Hybrid,12,SQL; Python; Telematics,D5 - One-North,Analyze GPS telematics data to improve driver routing efficiency and safety metrics.
374,STMicroelectronics,Semiconductors,Process Engineer Intern,Electronics and Data Engineering,1750,On-site,8,CMOS; Thin Films,D20 - Ang Mo Kio,Monitor chemical vapor deposition processes and perform thickness uniformity checks.
375,SMRT,Transport,Transport Systems Engineer,Engineering Systems,1500,On-site,12,RAMS; Signaling Systems,D20 - Bishan,Analyze train signaling fault logs and propose mean-time-between-failure improvements.
376,ST Engineering Electronics,Defense,Systems Integrator Engineer,Engineering Systems,1600,Hybrid,8,Requirements Management; Systems Engineering,D20 - Ang Mo Kio,Trace defense electronic system requirements and compile integration test scripts.
377,Soitec,Semiconductors,Semiconductor Manufacturing Engineer,Engineering Systems,1700,On-site,12,Silicon-on-Insulator; Lean Manufacturing,D18 - Pasir Ris,Optimize cleanroom automated material handling systems to improve wafer throughput.
378,LTA,Government,Public Sector Systems Officer,Engineering Systems,1500,Hybrid,8,ITS; Traffic Management,D11 - Novena,Evaluate intelligent transport system architectures and analyze traffic sensor telemetry.
379,SBS Transit,Transport,Transport Systems Engineer,Engineering Systems,1450,On-site,12,Rail Engineering; Maintenance Planning,D19 - Sengkang,Monitor light rail transit asset conditions and optimize preventive maintenance schedules.
380,Thales,Aerospace,Systems Integrator Engineer,Engineering Systems,1800,Hybrid,8,Avionics; DOORS,D17 - Changi Business Park,Assist in integrating flight management software with hardware simulators for testing.
381,GlobalFoundries,Semiconductors,Semiconductor Manufacturing Engineer,Engineering Systems,1750,On-site,12,SPC; Fab Operations,D25 - Woodlands,Identify production bottlenecks in semiconductor manufacturing using queueing models.
382,DSTA,Defense Tech,Public Sector Systems Officer,Engineering Systems,1800,Hybrid,8,Systems Architecture; Defense Tech,D5 - Science Park,Support the technical evaluation and procurement of advanced military radar systems.
383,Changi Airport Group,Aviation,Transport Systems Engineer,Engineering Systems,1600,On-site,12,Baggage Handling Systems; Data Analytics,D17 - Changi,Analyze baggage handling system conveyor telemetry to predict equipment failures.
384,Micron,Semiconductors,Semiconductor Manufacturing Engineer,Engineering Systems,1900,On-site,8,Automation; Lean Six Sigma,D25 - Woodlands,Implement lean manufacturing principles to reduce wafer cycle times in the cleanroom.
385,Marina Bay Sands,Hospitality,Bakery Entrepreneur Intern,Food Business Management (Baking and Pastry Arts),1300,On-site,8,Pastry Production; Inventory Management,D1 - Marina Bay,Prepare high-volume artisanal baked goods and assist in designing seasonal dessert menus.
386,Resorts World Sentosa,Hospitality,Hospitality Management Professional,Food Business Management (Baking and Pastry Arts),1250,On-site,12,Food Safety; Cost Control,D4 - Sentosa,Manage daily pastry station mise-en-place and maintain HACCP food safety standards.
387,The Fullerton Hotel,Hospitality,Food Media Specialist,Food Business Management (Baking and Pastry Arts),1200,Hybrid,8,Food Photography; Social Media,D1 - Raffles Place,Photograph luxury pastry creations and craft culinary narratives for social media.
388,BreadTalk Group,F&B,Bakery Entrepreneur Intern,Food Business Management (Baking and Pastry Arts),1100,On-site,12,R&D; Commercial Baking,D19 - Tai Seng,Assist in researching and scaling new bread recipes for regional franchise outlets.
389,Capella Singapore,Hospitality,Hospitality Management Professional,Food Business Management (Baking and Pastry Arts),1250,On-site,8,Fine Dining; Pastry Arts,D4 - Sentosa,Support the executive pastry chef in creating plated desserts for fine dining service.
390,TWG Tea,F&B,Food Media Specialist,Food Business Management (Baking and Pastry Arts),1200,Hybrid,12,Copywriting; Brand Marketing,D1 - CBD,Write descriptive marketing copy for new patisserie and tea pairing launches.
391,Shangri-La Singapore,Hospitality,Executive Chef Trainee,Food Business Management (Culinary Arts),1300,On-site,12,Kitchen Management; HACCP,D10 - Orchard,Rotate across banquet and hot kitchen stations while managing daily ingredient inventory.
392,Odette,F&B Fine Dining,Culinary Entrepreneur Intern,Food Business Management (Culinary Arts),1400,On-site,8,French Techniques; Plating,D6 - City Hall,"Learn high-end Michelin-star culinary execution, precision plating, and kitchen discipline."
393,FairPrice Group,F&B,Restaurant Owner Trainee,Food Business Management (Culinary Arts),1200,On-site,12,F&B Operations; POS Systems,D1 - Raffles Place,Analyze central kitchen workflows and optimize front-of-house food court operations.
394,Les Amis Group,F&B,Executive Chef Trainee,Food Business Management (Culinary Arts),1350,On-site,8,Fine Dining; Butchery,D9 - Orchard,Assist senior chefs in preparing premium ingredients for service in a French restaurant.
395,Nestle,FMCG,Product Development Scientist,Food Technology,1600,On-site,12,R&D; Sensory Evaluation,D22 - Jurong,Formulate plant-based beverage prototypes and conduct shelf-life stability testing.
396,Abbott Laboratories,Nutrition,Quality Assurance Specialist,Food Technology,1700,On-site,8,HACCP; Food Microbiology,D22 - Tuas,Perform microbiological testing on pediatric nutrition batches and investigate out-of-specs.
397,Wilmar International,Agri-Food,Food Microbiologist,Food Technology,1500,On-site,12,PCR; Aseptic Technique,D7 - Bugis,Execute rapid pathogen detection assays on edible oil products across processing pipelines.
398,Givaudan,Flavors,Sensory Specialist Intern,Food Technology,1700,On-site,8,Sensory Testing; Flavor Chemistry,D5 - Buona Vista,Organize trained sensory panel tests and analyze panellist discrimination data.
399,F&N,FMCG,Product Development Scientist,Food Technology,1500,On-site,12,Food Chemistry; Formulation,D21 - Clementi,Assist in reformulating dairy beverages to meet lower sugar health guidelines.
400,Suntory,Beverages,Quality Assurance Specialist,Food Technology,1600,On-site,8,Quality Control; ISO 22000,D12 - Toa Payoh,Monitor production line filling parameters and conduct Brix level testing on beverages.
401,Olam Agri,Agri-Food,Food Microbiologist,Food Technology,1550,On-site,12,Microbiology; Spoilage Organisms,D1 - Raffles Place,Analyze raw agricultural commodities for mycotoxins and bacterial contamination.
402,Symrise,Flavors,Sensory Specialist Intern,Food Technology,1650,On-site,8,Statistical Analysis; Descriptive Profiling,D5 - Pasir Panjang,Evaluate new savory flavor compounds using descriptive sensory profiling techniques.
403,Singapore Tourism Board,Government,Tourism Bureau Officer,Hospitality and Tourism Management,1400,Hybrid,12,Tourism Analytics; Event Management,D9 - Orchard,Analyze international visitor arrival metrics and support strategic tourism partnerships.
404,Marriott International,Hospitality,Hotel Revenue Analyst,Hospitality and Tourism Management,1500,Hybrid,8,Revenue Management; Pricing Strategy,D4 - Harbourfront,Model hotel room occupancy trends and recommend dynamic room pricing adjustments.
405,Marina Bay Sands,Hospitality,Event Experience Designer,Hospitality and Tourism Management,1400,On-site,12,Event Operations; MICE,D1 - Marina Bay,"Assist in planning international conventions, managing floor plans and vendor logistics."
406,Traveloka,Travel Tech,Tourism E-Commerce Analyst,Hospitality and Tourism Management,1600,Hybrid,8,Google Analytics; Digital Marketing,D2 - Tanjong Pagar,Analyze user booking funnels to optimize localized travel promotion packages.
407,Sentosa Development Corporation,Government,Tourism Bureau Officer,Hospitality and Tourism Management,1300,Hybrid,12,Destination Marketing; Project Management,D4 - Sentosa,Assist in organizing island-wide festivals and track guest satisfaction metrics.
408,Hilton Singapore,Hospitality,Hotel Revenue Analyst,Hospitality and Tourism Management,1450,Hybrid,8,Opera PMS; Excel,D9 - Orchard,Evaluate competitor daily room rates and adjust inventory allocation strategies.
409,Klook,Travel Tech,Event Experience Designer,Hospitality and Tourism Management,1500,Hybrid,12,Product Curation; Account Management,D1 - CBD,Liaise with local tour operators to design and onboard new experiential activities.
410,Agoda,Travel Tech,Tourism E-Commerce Analyst,Hospitality and Tourism Management,1800,Hybrid,8,SQL; E-Commerce Strategy,D1 - Marina Bay,Analyze customer click-through rates and optimize hotel search ranking algorithms.
411,GovTech,Government,Penetration Tester Intern,Information and Communications Technology (Information Security),2500,Hybrid,12,Metasploit; Web Security,D5 - Buona Vista,Perform web application penetration testing on public sector portals and document vulnerabilities.
412,Singtel Trustwave,Cybersecurity,Information Security Analyst,Information and Communications Technology (Information Security),2200,On-site,8,SIEM; Incident Response,D19 - Serangoon,Monitor SOC alert streams and investigate malware infection vectors.
413,Ensign InfoSecurity,Cybersecurity,Cybersecurity Specialist,Information and Communications Technology (Information Security),2400,Hybrid,12,Network Forensics; Wireshark,D14 - Paya Lebar,Analyze network traffic PCAP files to identify active command-and-control channels.
414,PwC,Consulting,Information Security Consultant,Information and Communications Technology (Information Security),2100,Hybrid,8,Risk Assessment; ISO 27001,D1 - Raffles Place,Evaluate client cloud security configurations against industry CIS benchmarks.
415,Grab,Technology,Penetration Tester Intern,Information and Communications Technology (Information Security),3000,Hybrid,12,Burp Suite; Mobile Security,D5 - One-North,Conduct vulnerability assessments on mobile API endpoints and backend payment gateways.
416,Standard Chartered,Banking,Information Security Analyst,Information and Communications Technology (Information Security),2300,Hybrid,8,Identity Management; Cyber Risk,D1 - Marina Bay,Review user access logs to ensure compliance with banking security policies.
417,DSTA,Defense Tech,Cybersecurity Specialist,Information and Communications Technology (Information Security),2500,On-site,12,Malware Analysis; Threat Intelligence,D5 - Science Park,Reverse-engineer advanced persistent threats and develop YARA detection rules.
418,KPMG,Consulting,Information Security Consultant,Information and Communications Technology (Information Security),2000,Hybrid,8,IT Audit; Compliance,D2 - Tanjong Pagar,Assist in auditing enterprise IT systems for data privacy and cybersecurity compliance.
419,Grab,Technology,Software Systems Architect,Information and Communications Technology (Software Engineering),3200,Hybrid,12,Go; Microservices; Kafka,D5 - One-North,Design high-concurrency event-driven architectures for ride-hailing payment processing.
420,Carousell,E-Commerce,Mobile Developer Intern,Information and Communications Technology (Software Engineering),2500,Hybrid,8,Kotlin; Swift; REST APIs,D2 - Tanjong Pagar,Build native mobile marketplace features with seamless UI navigation.
421,Sea Group,Technology,Cloud Developer Intern,Information and Communications Technology (Software Engineering),3000,Hybrid,12,Kubernetes; Docker; Go,D5 - Buona Vista,Construct CI/CD pipeline infrastructure scripts for cloud-native backend microservices.
422,Razer,Technology,Software Engineer Intern,Information and Communications Technology (Software Engineering),2200,Hybrid,8,C++; Python,D5 - One-North,Develop desktop gaming software modules and optimize peripheral telemetry pipelines.
423,GovTech,Government,Software Systems Architect,Information and Communications Technology (Software Engineering),2600,Hybrid,12,System Design; AWS; Node.js,D5 - Buona Vista,Architect scalable backend solutions for citizen-facing digital service applications.
424,Shopee,E-Commerce,Mobile Developer Intern,Information and Communications Technology (Software Engineering),2800,Hybrid,8,React Native; Mobile UI,D5 - Science Park,Develop and optimize cross-platform frontend interfaces for the e-commerce app.
425,Bytedance,Technology,Cloud Developer Intern,Information and Communications Technology (Software Engineering),3500,Hybrid,12,Python; Linux; Cloud Infrastructure,D1 - Raffles Place,Manage and automate resource provisioning for large-scale distributed computing clusters.
426,Singtel,Telecommunications,Software Engineer Intern,Information and Communications Technology (Software Engineering),2000,Hybrid,8,Java; Spring Boot; SQL,D9 - Orchard,Build backend APIs for enterprise telecommunication billing and CRM systems.
427,Surbana Jurong,Infrastructure,Facility Engineer Intern,Infrastructure and Systems Engineering Degree (via CSM Pathway),1500,On-site,12,HVAC; Facilities Management,D22 - Jurong,Audit commercial building HVAC energy efficiency and review maintenance logs.
428,LTA,Government,Operations Engineer Intern,Infrastructure and Systems Engineering Degree (via CSM Pathway),1600,On-site,8,Transport Infrastructure; Maintenance,D11 - Novena,Track MRT depot asset maintenance status and evaluate rail power system reliability.
429,Keppel Infrastructure,Energy,Infrastructure Engineer,Infrastructure and Systems Engineering Degree (via CSM Pathway),1700,On-site,12,Piping; Structural Inspection,D22 - Jurong Island,Supervise district cooling plant installation works and audit vendor compliance.
430,Changi Airport Group,Aviation,Systems Analyst Intern,Infrastructure and Systems Engineering Degree (via CSM Pathway),1600,Hybrid,8,System Architecture; Baggage Handling,D17 - Changi,Analyze baggage handling system telemetry to identify operational bottleneck points.
431,CapitaLand,Real Estate,Facility Engineer Intern,Infrastructure and Systems Engineering Degree (via CSM Pathway),1550,On-site,12,BMS; Building Codes,D1 - Raffles Place,Monitor building management systems and coordinate preventive maintenance for commercial spaces.
432,SMRT,Transport,Operations Engineer Intern,Infrastructure and Systems Engineering Degree (via CSM Pathway),1500,On-site,8,Rolling Stock; Safety,D20 - Bishan,Assist in planning scheduled overhauls for train rolling stock components.
433,Ninja Van,Logistics,Logistics Operations Planner,Integrated Studies in Technology and Management with Specialisation in Supply Chain,1600,Hybrid,12,Route Optimization; Python,D22 - Jurong,Optimize last-mile parcel delivery algorithms and model courier capacity.
434,L'Oreal,FMCG,Supply Chain Analyst,Integrated Studies in Technology and Management with Specialisation in Supply Chain,1700,Hybrid,8,Demand Planning; SAP,D1 - Raffles Place,Manage beauty product SKU demand forecasts and coordinate import container arrivals.
435,Schneider Electric,Energy,Tech-Management Specialist,Integrated Studies in Technology and Management with Specialisation in Supply Chain,1800,Hybrid,12,Tableau; Supply Chain Digitization,D12 - Kallang,Automate manual purchase order generation and build dashboards tracking supplier KPIs.
436,McKinsey & Company,Consulting,Procurement Consultant,Integrated Studies in Technology and Management with Specialisation in Supply Chain,2200,Hybrid,8,Spend Analysis; Strategic Sourcing,D1 - CBD,Perform quantitative spend analytics across global supplier portfolios for client projects.
437,DHL Supply Chain,Logistics,Logistics Operations Planner,Integrated Studies in Technology and Management with Specialisation in Supply Chain,1500,On-site,12,WMS; Operations Management,D18 - Tampines,Analyze warehouse picking processes and implement layout changes to increase throughput.
438,Unilever,FMCG,Supply Chain Analyst,Integrated Studies in Technology and Management with Specialisation in Supply Chain,1650,Hybrid,8,Inventory Management; Power BI,D5 - Mapletree Business City,Analyze raw material inventory turnaround metrics to minimize factory downtime.
439,Makino Asia,Manufacturing,Manufacturing Engineer Intern,Mechanical Design and Manufacturing Engineering,1600,On-site,12,CNC; CAM; SolidWorks,D22 - Gul Way,Optimize 5-axis CNC machining parameters and reduce cycle times for precision parts.
440,Dyson,Hardware,Aerospace Design Engineer,Mechanical Design and Manufacturing Engineering,1900,On-site,8,CAD; CFD; FEA,D5 - One-North,Model miniature high-speed motor impellers and perform fluid dynamics simulations.
441,Hyundai Motor Group,Automotive,Robotics Engineer Intern,Mechanical Design and Manufacturing Engineering,2000,On-site,12,ROS; Kinematics; SolidWorks,D22 - Jurong,Program autonomous mobile robots for smart factory component delivery.
442,HP Inc,Manufacturing,Additive Manufacturing Engineer,Mechanical Design and Manufacturing Engineering,1800,On-site,8,3D Printing; Topology Optimization,D4 - Depot Road,Test industrial 3D printers and optimize print lattice structures for polymer parts.
443,Keppel Offshore & Marine,Marine,Marine Mechanical Engineer,Mechanical Engineering,1500,On-site,12,Marine Engineering; AutoCAD,D22 - Tuas,Perform structural stress calculations on offshore vessel crane pedestals.
444,SMRT,Transport,Rail & Transportation Engineer,Mechanical Engineering,1600,On-site,8,Mechanical Maintenance; Braking Systems,D20 - Bishan,Analyze train wheelset wear profiles and support bogie overhaul procedures.
445,Seatrium,Shipbuilding,Ship Propulsion Specialist,Mechanical Engineering,1500,On-site,12,Propulsion Systems; Hydrodynamics,D22 - Tuas,Assist in commissioning ship main propulsion shafts and auditing propeller alignment.
446,ExxonMobil,Energy,Smart Maintenance Engineer,Mechanical Engineering,1700,On-site,8,Vibration Analysis; Rotating Equipment,D22 - Jurong Island,Collect vibration data on centrifugal pumps to predict bearing degradation.
447,Micron,Semiconductors,Semiconductor Manufacturing Engineer,Mechanical Engineering,1800,On-site,12,Vacuum Systems; Cleanroom,D25 - Woodlands,Maintain wafer transport systems and troubleshoot vacuum chamber seal failures.
448,Rolls-Royce,Aviation,Marine Mechanical Engineer,Mechanical Engineering,1850,On-site,8,Turbines; CAD,D28 - Seletar,Assist in designing specialized tooling for aerospace engine component assembly.
449,LTA,Government,Rail & Transportation Engineer,Mechanical Engineering,1500,On-site,12,Rolling Stock; Mechanical Design,D11 - Novena,Evaluate train door mechanism reliability and propose mechanical design upgrades.
450,Seatrium,Marine,Naval Architect Intern,Naval Architecture and Marine Engineering,1600,On-site,12,Maxsurf; Ship Stability; AutoCAD,D22 - Tuas,Perform hull hydrostatic and stability calculations for offshore installation vessels.
451,Sembcorp Marine,Marine,Marine Structures Specialist,Naval Architecture and Marine Engineering,1550,On-site,8,ANSYS; FEA; Steel Structures,D22 - Pioneer,Model wave impact forces on floating production storage and offloading (FPSO) units.
452,DNV,Maritime Classification,Offshore Hydrodynamics Engineer,Naval Architecture and Marine Engineering,1700,Hybrid,12,OrcaFlex; CFD,D5 - Science Park,Execute dynamic simulations for subsea riser systems under hydrodynamic current loadings.
453,Bernhard Schulte,Ship Management,Marine Transport Analyst,Naval Architecture and Marine Engineering,1500,Hybrid,8,Vessel Telematics; Fuel Optimization,D1 - Raffles Place,Analyze commercial ship voyage data to evaluate hull fouling and fuel efficiency.
454,Keppel Offshore & Marine,Marine,Naval Architect Intern,Naval Architecture and Marine Engineering,1550,On-site,12,Ship Design; AutoCAD,D22 - Tuas,Review midship section drawings and verify structural scantlings against class rules.
455,Singapore General Hospital,Healthcare,Nurse Clinician Trainee,Nursing,1100,On-site,12,Patient Care; Vital Signs,D3 - Outram,Deliver inpatient nursing care in acute surgical wards and administer medications.
456,National University Hospital,Healthcare,Nurse Educator Trainee,Nursing,1100,On-site,8,Clinical Skills; Nursing Education,D5 - Kent Ridge,Prepare clinical simulation workshops and update ward procedure guidelines.
457,Tan Tock Seng Hospital,Healthcare,Nurse Manager Trainee,Nursing,1100,On-site,12,Ward Management; Operations,D11 - Novena,Support nurse managers in ward resource scheduling and tracking patient fall rates.
458,Changi General Hospital,Healthcare,Nurse Clinician Trainee,Nursing,1100,On-site,8,Wound Care; Clinical Nursing,D18 - Simei,Assist in dressing complex wounds and monitoring patient recovery in orthopedic wards.
459,Khoo Teck Puat Hospital,Healthcare,Nurse Educator Trainee,Nursing,1100,On-site,12,Patient Education; Clinical Assessment,D27 - Yishun,Provide discharge education to patients managing newly diagnosed chronic illnesses.
460,KK Women's and Children's Hospital,Healthcare,Nurse Specialist Trainee,Nursing (Pre-registration and Specialty Training),1100,On-site,12,Pediatric Nursing; Neonatal Care,D11 - Novena,Monitor neonatal vital parameters in specialized pediatric wards.
461,SingHealth,Healthcare,Nurse Researcher Intern,Nursing (Pre-registration and Specialty Training),1200,Hybrid,8,Clinical Research; Data Collection,D3 - Outram,Support clinical nursing research on pressure ulcer prevention and enter patient data.
462,NUHS,Healthcare,Nurse Innovator Intern,Nursing (Pre-registration and Specialty Training),1200,Hybrid,12,Healthcare Innovation; Medical Devices,D5 - Kent Ridge,Prototype ergonomic patient transfer aids and evaluate smart ward monitoring technology.
463,Institute of Mental Health,Healthcare,Nurse Specialist Trainee,Nursing (Pre-registration and Specialty Training),1100,On-site,8,Psychiatric Nursing; Patient Communication,D19 - Hougang,Assist in managing therapeutic activities for patients in psychiatric rehabilitation wards.
464,National Heart Centre,Healthcare,Nurse Researcher Intern,Nursing (Pre-registration and Specialty Training),1200,Hybrid,12,Cardiovascular Nursing; Clinical Trials,D3 - Outram,Assist in coordinating patient enrollment and data collection for cardiovascular clinical trials.
465,SPD,Social Services,Occupational Therapist Intern,Occupational Therapy,1000,On-site,12,Functional Assessment; Assistive Tech,D3 - Tiong Bahru,Prescribe adaptive home modification devices for clients with physical disabilities.
466,St Luke's ElderCare,Community Healthcare,Rehabilitation Specialist Intern,Occupational Therapy,1000,On-site,8,Geriatric Rehab; Cognitive Therapy,D20 - Ang Mo Kio,Design upper-limb exercise programs and cognitive stimulation sessions for elderly clients.
467,AWWA,Social Services,Early Intervention Therapist,Occupational Therapy,1050,On-site,12,Pediatric Therapy; Sensory Integration,D19 - Lorong Ah Soo,Deliver early intervention therapy for children with fine motor and sensory delays.
468,Gleneagles Hospital,Healthcare,Nursing Home Therapist,Occupational Therapy,1100,On-site,8,Post-Acute Rehab; Splinting,D10 - Tanglin,Assist senior therapists in fabricating custom hand splints and assessing wheelchair seating.
469,Tan Tock Seng Hospital,Healthcare,Rehabilitation Specialist Intern,Occupational Therapy,1000,On-site,12,Neuro-rehabilitation; ADL Training,D11 - Novena,Retrain stroke patients in activities of daily living to improve functional independence.
470,Pfizer,Pharmaceuticals,Pharmaceutical Process Engineer,Pharmaceutical Engineering,1700,On-site,12,Continuous Manufacturing; GMP,D22 - Tuas,Monitor active pharmaceutical ingredient crystallization units and analyze particle size.
471,GSK,Pharmaceuticals,Biotechnology Specialist Intern,Pharmaceutical Engineering,1800,On-site,8,Bioreactors; Cell Culture,D22 - Tuas,Operate pilot-scale bioreactors for vaccine protein expression.
472,Takeda,Pharmaceuticals,Life Sciences Engineer,Pharmaceutical Engineering,1750,On-site,12,Downstream Processing; CIP/SIP,D25 - Woodlands,Validate automated Clean-in-Place cycles for biopharmaceutical purification columns.
473,Firmenich,Flavors & Fragrances,Flavors & Fragrances Specialist,Pharmaceutical Engineering,1600,On-site,8,Extraction; GC-MS,D22 - Tuas,Perform fractional distillation of essential oils and analyze volatile compounds.
474,Novartis,Pharmaceuticals,Pharmaceutical Process Engineer,Pharmaceutical Engineering,1750,On-site,12,Process Validation; Quality Control,D22 - Tuas,Assist in process capability studies for solid oral dosage form manufacturing lines.
475,Singapore Sports Institute,Sports,Sports & Military Institute Physiotherapist,Physiotherapy,1100,On-site,8,Sports Rehab; Biomechanics,D14 - Kallang,Assist national athletes with musculoskeletal injury rehabilitation and movement screening.
476,SingHealth Polyclinics,Healthcare,Polyclinic Physiotherapist,Physiotherapy,1000,On-site,12,Exercise Prescription; Chronic Pain,D14 - Geylang,Deliver outpatient physiotherapy for patients with lower back pain and osteoarthritis.
477,Tan Tock Seng Hospital,Healthcare,Hospital Physiotherapist Intern,Physiotherapy,1000,On-site,8,ICU Mobility; Cardiopulmonary Rehab,D11 - Novena,Mobilize acute ICU patients early and deliver chest physiotherapy for post-surgical recovery.
478,Ren Ci Hospital,Community Healthcare,Community Health Specialist,Physiotherapy,1050,On-site,12,Geriatric Mobility; Fall Prevention,D11 - Novena,Conduct group balance and strength training classes for elderly community care residents.
479,National University Hospital,Healthcare,Hospital Physiotherapist Intern,Physiotherapy,1000,On-site,8,Stroke Rehabilitation; Neuro-Physiotherapy,D5 - Kent Ridge,Provide gait training and neuromuscular facilitation therapies for acute stroke survivors.
480,National Cancer Centre,Healthcare,Medical Centre Radiation Therapist,Radiation Therapy,1100,On-site,12,Linear Accelerators; Radiation Safety,D3 - Outram,Assist in positioning oncology patients and delivering prescribed external beam radiation.
481,Singapore General Hospital,Healthcare,Clinical Treatment Specialist,Radiation Therapy,1100,On-site,8,Brachytherapy; Oncology Care,D3 - Outram,Support oncologists in preparing radioactive sources for targeted brachytherapy treatments.
482,Mount Elizabeth Hospital,Healthcare,Private Clinic Therapist Intern,Radiation Therapy,1200,On-site,12,Treatment Planning; CT Simulation,D9 - Orchard,Assist dosimetrists in generating 3D radiation treatment plans using CT simulation images.
483,National University Hospital,Healthcare,Medical Centre Radiation Therapist,Radiation Therapy,1100,On-site,8,Patient Setup; Quality Assurance,D5 - Kent Ridge,Perform daily morning QA checks on linear accelerators and align patients using lasers.
484,Tan Tock Seng Hospital,Healthcare,Clinical Treatment Specialist,Radiation Therapy,1100,On-site,12,Immobilization Devices; Oncology,D11 - Novena,Fabricate custom thermoplastic masks to immobilize patients during head and neck radiation.
485,ST Engineering,Robotics,Robotics Software Engineer,Robotics Systems,2200,Hybrid,12,ROS; C++; Navigation,D22 - Jurong,Develop SLAM navigation algorithms for autonomous security patrol robots.
486,Continental,Automotive,Autonomous Systems Engineer,Robotics Systems,2000,Hybrid,8,Computer Vision; Sensor Fusion,D12 - Kallang,Integrate LiDAR and camera sensor data for autonomous driver assistance systems.
487,Makino Asia,Manufacturing,Automation and Controls Specialist,Robotics Systems,1600,On-site,12,PLC; Industrial Robotics,D22 - Gul Way,Program robotic arms for automated machine tending in precision CNC manufacturing cells.
488,Hope Technik,Engineering,Robotics Software Engineer,Robotics Systems,1800,On-site,8,Python; Kinematics,D22 - Penjuru,Develop motion control software for custom automated guided vehicles (AGVs).
489,A*STAR (ARTC),Research,Autonomous Systems Engineer,Robotics Systems,1900,On-site,12,Machine Learning; Robotics,D22 - Jurong Innovation District,Research robotic grasping techniques using reinforcement learning for warehouse logistics.
490,Singapore General Hospital,Healthcare,Clinical Speech Therapist Intern,Speech and Language Therapy,1100,On-site,12,Dysphagia Assessment; Aphasia,D3 - Outram,Conduct bedside swallowing assessments and language therapy for acute stroke patients.
491,AWWA,Social Services,Pediatric Communication Specialist,Speech and Language Therapy,1050,On-site,8,Autism; Speech Delay,D19 - Lorong Ah Soo,Deliver play-based speech therapy to children with autism spectrum disorder.
492,NTUC Health,Community Healthcare,Adult Rehabilitation Therapist,Speech and Language Therapy,1050,On-site,12,Geriatric Therapy; Cognitive Communication,D22 - Jurong West,Provide cognitive-communication therapy for elderly residents with dementia.
493,KK Women's and Children's Hospital,Healthcare,Pediatric Communication Specialist,Speech and Language Therapy,1100,On-site,8,Cleft Lip; Articulation Therapy,D11 - Novena,Assist in assessing and treating articulation disorders in children post-cleft palate repair.
494,Tan Tock Seng Hospital,Healthcare,Clinical Speech Therapist Intern,Speech and Language Therapy,1100,On-site,12,Voice Therapy; Motor Speech,D11 - Novena,Support acoustic voice assessments and run group therapy for Parkinson's disease patients.
495,Surbana Jurong,Consulting,Green Building Consultant,Sustainable Built Environment,1600,Hybrid,12,Green Mark; Energy Modeling,D22 - Jurong,Assist in preparing BCA Green Mark certification documentation for new commercial developments.
496,CapitaLand,Real Estate,Sustainable Facilities Manager,Sustainable Built Environment,1550,On-site,8,Energy Auditing; Waste Management,D1 - Raffles Place,Implement smart energy monitoring systems and recycling initiatives in shopping malls.
497,Arup,Engineering,Energy and Environmental Specialist,Sustainable Built Environment,1500,Hybrid,12,Sustainable Design; IESVE,D1 - CBD,Conduct daylighting and natural ventilation simulations for sustainable building designs.
498,Beca,Engineering,Green Building Consultant,Sustainable Built Environment,1450,Hybrid,8,HVAC Optimization; Sustainability,D11 - Novena,Analyze chiller plant efficiency data to propose energy conservation measures.
499,CDL,Real Estate,Sustainable Facilities Manager,Sustainable Built Environment,1600,Hybrid,12,ESG Reporting; Building Operations,D1 - Raffles Place,Track building carbon emissions and assist in drafting corporate sustainability reports.
500,Ubisoft,Gaming,UX Researcher,User Experience and Game Design,1800,On-site,12,Playtesting; User Research,D5 - One-North,Conduct qualitative playtests and analyze player feedback to improve game onboarding tutorials.
501,Garena,Gaming,Game Designer Intern,User Experience and Game Design,1700,Hybrid,8,Game Balancing; Level Design,D5 - One-North,Design and balance new weapon statistics and character abilities for a competitive shooter.
502,Razer,Gaming Tech,UI Designer Intern,User Experience and Game Design,1600,Hybrid,12,Figma; Prototyping,D5 - One-North,Create interactive wireframes and UI prototypes for a gaming social network app.
503,Shopee,E-Commerce,UX Researcher,User Experience and Game Design,1800,Hybrid,8,A/B Testing; Usability Testing,D5 - Science Park,Design usability tests to identify friction points in the e-commerce checkout flow.
504,Koei Tecmo,Gaming,Game Designer Intern,User Experience and Game Design,1500,On-site,12,Game Economics; System Design,D5 - One-North,Model in-game economy progression and design engaging quest reward loops.
505,PwC,Professional Services,Financial Controller Intern,Accountancy,1400,Hybrid,8,Financial Analysis; Excel,D1 - Raffles Place,Support external audits and verify internal financial control procedures.
506,ST Engineering,Defense,Licensed Aircraft Engineer Trainee,Aircraft Systems Engineering,1600,On-site,12,Aviation Maintenance; CAD,D14 - Paya Lebar,Perform structural inspections and assist in retrofitting military aircraft frames.
507,Grab,Technology,AI Application Engineer,Applied Artificial Intelligence,3000,Hybrid,8,Python; Machine Learning,D5 - One-North,Deploy machine learning models to improve dynamic pricing algorithms for ride-hailing.
508,OCBC Bank,Banking,Software Engineer Intern,Applied Computing (Fintech),2200,Hybrid,12,Java; Spring Boot,D1 - Raffles Place,Develop secure microservices for digital banking customer onboarding workflows.
509,Singtel,Telecommunications,Cloud Solutions Specialist,Applied Computing Degree (via CSM Pathway),1800,Hybrid,8,AWS; Python,D9 - Orchard,Automate cloud infrastructure deployments using Terraform and CI/CD pipelines.
510,Changi Airport Group,Aviation,Aviation Regulatory Officer,Aviation Management,1500,On-site,12,Safety Compliance; Aviation Operations,D17 - Changi,Audit airside safety procedures and ensure compliance with international aviation regulations.
511,Accenture,Consulting,Business Intelligence Manager (BIM),Business and Infocomm Technology,1800,Hybrid,8,Tableau; Data Analytics,D1 - Raffles Place,Design interactive dashboards to visualize supply chain performance for retail clients.
512,ExxonMobil,Energy,Process Engineer Intern,Chemical Engineering,1800,On-site,12,Chemical Processing; Safety,D22 - Jurong Island,Analyze distillation column efficiency and troubleshoot process variations.
513,LTA,Government,Structural Engineer Intern,Civil Engineering,1500,On-site,8,AutoCAD; Structural Analysis,D11 - Novena,Review temporary earth retaining structures for underground transit station construction.
514,Mediacorp,Media,Digital Media Analyst,Communication and Digital Media,1100,Hybrid,12,Social Media Analytics; Excel,D5 - One-North,Track audience engagement metrics across digital platforms to inform content strategy.
515,Continental,Automotive,Embedded Systems Engineer,Computer Engineering,1700,Hybrid,8,C; Microcontrollers,D12 - Kallang,Develop firmware for automotive sensor interfaces and conduct hardware-in-the-loop testing.
516,Ubisoft,Gaming,Gameplay Programmer Intern,Computer Science in Interactive Media and Game Development,1800,On-site,12,C++; Unreal Engine,D5 - One-North,Implement 3D character navigation algorithms and interactive environment triggers.
517,DSTA,Defense Tech,Game Engine Developer,Computer Science in Real-Time Interactive Simulation,2000,On-site,8,C++; Graphics Rendering,D5 - Science Park,Optimize rendering performance for real-time military flight simulation software.
518,GovTech,Government,Cybersecurity Analyst,Computing Science,2500,Hybrid,12,Python; Threat Hunting,D5 - Buona Vista,Conduct vulnerability assessments and monitor security event logs for government portals.
519,Singapore General Hospital,Healthcare,Clinical Diagnostic Radiographer,Diagnostic Radiography,1100,On-site,8,X-Ray; Patient Care,D3 - Outram,Perform general radiography and assist with portable X-rays in intensive care units.
520,Khoo Teck Puat Hospital,Healthcare,Clinical Dietitian Intern,Dietetics and Nutrition,1000,On-site,12,Clinical Nutrition; Patient Assessment,D27 - Yishun,Evaluate nutritional requirements for post-surgical patients and prescribe dietary plans.
521,Koei Tecmo,Gaming,Character Animator Intern,Digital Art and Animation,1400,On-site,8,Maya; 3D Animation,D5 - One-North,Animate stylised character combat sequences and facial expressions for console games.
522,DHL Supply Chain,Logistics,Demand and Inventory Analyst,Digital Supply Chain,1500,Hybrid,12,Excel; SAP,D18 - Tampines,Forecast inventory requirements and track warehouse replenishment cycles.
523,Micron,Semiconductors,Electronics Design Engineer,Electrical and Electronic Engineering,1900,On-site,8,Circuit Design; PCB Layout,D25 - Woodlands,Design high-speed evaluation boards for memory component electrical characterization.
524,GlobalFoundries,Semiconductors,Automation Specialist Intern,Electrical and Electronic Engineering Degree (via CSM Pathway),1750,On-site,12,PLC; Factory Automation,D25 - Woodlands,Maintain and optimize automated wafer transport systems within the cleanroom.
525,SP Group,Utilities,Sustainable Energy Specialist,Electrical Power Engineering,1700,On-site,8,Smart Grid; Power Systems,D12 - Kallang,Analyze smart meter data to evaluate residential energy consumption patterns.
526,AMD,Semiconductors,Test Engineer Intern,Electronics and Data Engineering,2200,Hybrid,12,Python; Semiconductor Testing,D17 - Changi Business Park,Develop automated test scripts to validate the electrical parameters of new microprocessors.
527,SMRT,Transport,Systems Integrator Engineer,Engineering Systems,1500,On-site,8,Systems Engineering; Railway,D20 - Bishan,Support the integration testing of upgraded train signaling software with existing track hardware.
528,Marina Bay Sands,Hospitality,Hospitality Management Professional,Food Business Management (Baking and Pastry Arts),1300,On-site,12,Pastry Arts; Inventory,D1 - Marina Bay,Manage dessert inventory and assist in plating pastries for high-volume banquet events.
529,Shangri-La Singapore,Hospitality,Culinary Entrepreneur Intern,Food Business Management (Culinary Arts),1300,On-site,8,Culinary Arts; Kitchen Operations,D10 - Orchard,Support main kitchen operations by preparing ingredients and maintaining food safety standards.
530,Nestle,FMCG,Quality Assurance Specialist,Food Technology,1600,On-site,12,HACCP; Quality Control,D22 - Jurong,Conduct routine physico-chemical analysis on raw materials and finished beverage products.
531,Singapore Tourism Board,Government,Tourism E-Commerce Analyst,Hospitality and Tourism Management,1400,Hybrid,8,Data Analytics; Marketing,D9 - Orchard,Analyze online engagement metrics for digital tourism marketing campaigns.
532,Ensign InfoSecurity,Cybersecurity,Information Security Consultant,Information and Communications Technology (Information Security),2400,Hybrid,12,IT Audit; Risk Assessment,D14 - Paya Lebar,Assist in performing cybersecurity maturity assessments for corporate clients.
533,Grab,Technology,Mobile Developer Intern,Information and Communications Technology (Software Engineering),3200,Hybrid,8,Swift; iOS Development,D5 - One-North,Develop and optimize frontend features for the iOS consumer ride-hailing application.
534,CapitaLand,Real Estate,Operations Engineer Intern,Infrastructure and Systems Engineering Degree (via CSM Pathway),1550,On-site,12,Facilities Management; BMS,D1 - Raffles Place,Monitor building utility consumption and oversee preventive maintenance for HVAC systems.
535,Ninja Van,Logistics Tech,Supply Chain Analyst,Integrated Studies in Technology and Management with Specialisation in Supply Chain,1600,Hybrid,8,Data Analysis; Route Optimization,D22 - Jurong,Analyze parcel sorting throughput data to identify operational bottlenecks during peak seasons.
536,Makino Asia,Manufacturing,Aerospace Design Engineer,Mechanical Design and Manufacturing Engineering,1600,On-site,12,CAD; CNC Machining,D22 - Gul Way,Design custom machining fixtures and optimize tool paths for aerospace components.
537,Keppel Offshore & Marine,Marine,Smart Maintenance Engineer,Mechanical Engineering,1500,On-site,8,Predictive Maintenance; Mechanical Systems,D22 - Tuas,Analyze vibration data to predict mechanical failures in offshore drilling equipment.
538,Seatrium,Shipbuilding,Marine Transport Analyst,Naval Architecture and Marine Engineering,1600,On-site,12,Ship Performance; Excel,D22 - Tuas,Evaluate the fuel consumption and hydrodynamic efficiency of various vessel designs.
539,National University Hospital,Healthcare,Nurse Manager Trainee,Nursing,1100,On-site,8,Ward Administration; Patient Care,D5 - Kent Ridge,Assist in coordinating patient admissions and tracking ward resource utilization.
540,SingHealth,Healthcare,Nurse Innovator Intern,Nursing (Pre-registration and Specialty Training),1200,Hybrid,12,Healthcare Tech; Nursing Practices,D3 - Outram,Prototype and evaluate digital solutions to streamline bedside nursing documentation.
541,SPD,Social Services,Early Intervention Therapist,Occupational Therapy,1000,On-site,8,Pediatric Therapy; Motor Skills,D3 - Tiong Bahru,Deliver play-based therapy to improve fine motor skills in children with developmental delays.
542,Pfizer,Pharmaceuticals,Life Sciences Engineer,Pharmaceutical Engineering,1700,On-site,12,Biomanufacturing; GMP,D22 - Tuas,Support downstream purification processes and execute equipment validation protocols.
543,Singapore Sports Institute,Sports,Polyclinic Physiotherapist,Physiotherapy,1100,On-site,8,Sports Rehab; Exercise Prescription,D14 - Kallang,Conduct musculoskeletal assessments and prescribe rehabilitative exercises for athletes.
544,National Cancer Centre,Healthcare,Private Clinic Therapist Intern,Radiation Therapy,1100,On-site,12,Oncology; Patient Setup,D3 - Outram,Assist in setting up patients for radiation therapy and monitor their well-being during treatment.
545,ST Engineering,Robotics,Autonomous Systems Engineer,Robotics Systems,2200,Hybrid,8,ROS; Computer Vision,D22 - Jurong,Develop object detection algorithms for autonomous mobile robots in industrial environments.
546,Singapore General Hospital,Healthcare,Pediatric Communication Specialist,Speech and Language Therapy,1100,On-site,12,Speech Therapy; Autism,D3 - Outram,Assist in assessing and treating communication disorders in pediatric patients.
547,Surbana Jurong,Consulting,Sustainable Facilities Manager,Sustainable Built Environment,1600,Hybrid,8,Energy Auditing; Green Building,D22 - Jurong,Conduct energy audits on commercial properties to recommend sustainability improvements.
548,Ubisoft,Gaming,Game Designer Intern,User Experience and Game Design,1800,On-site,12,Level Design; Game Balancing,D5 - One-North,Design and block out 3D levels focusing on player navigation and combat pacing.
549,DBS Bank,Banking,Forensic Accountant,Accountancy,1600,Hybrid,8,Fraud Investigation; Data Analytics,D1 - Marina Bay,Analyze transactional data to detect and investigate potential financial fraud.
550,SIA Engineering Company,Aerospace,Quality Engineer Intern,Aircraft Systems Engineering,1600,On-site,12,Quality Assurance; Aviation Maintenance,D17 - Changi,Perform quality audits on aircraft maintenance procedures and documentation.
551,ByteDance,Technology,AI Engineer Intern,Applied Artificial Intelligence,3200,Hybrid,8,PyTorch; Natural Language Processing,D1 - Raffles Place,Train large language models to improve text classification and content moderation.
552,Standard Chartered,Banking,Data Engineer Intern,Applied Computing (Fintech),2100,Hybrid,12,SQL; Spark; Python,D1 - Marina Bay,Build data pipelines to consolidate financial risk metrics for executive reporting.
553,IBM,Technology,Software Engineer,Applied Computing Degree (via CSM Pathway),2000,Hybrid,8,Java; Kubernetes,D17 - Changi Business Park,Develop and deploy cloud-native enterprise applications for banking clients.
554,SATS,Aviation Services,Aviation Consultant Intern,Aviation Management,1400,On-site,12,Aviation Operations; Data Analysis,D17 - Changi,Evaluate ground handling processes and propose efficiency improvements.
555,Singtel,Telecommunications,Digital Transformation Consultant,Business and Infocomm Technology,1800,Hybrid,8,Change Management; Business Analysis,D9 - Orchard,Drive the adoption of digital workspace tools across internal enterprise teams.
556,Shell,Energy,HSE Engineer Intern,Chemical Engineering,1750,On-site,12,Safety Compliance; Risk Assessment,D22 - Bukom,Conduct safety walkabouts and assist in reviewing process hazard analyses.
557,CapitaLand,Real Estate,Engineering Design Consultant,Civil Engineering,1500,On-site,8,Project Management; CAD,D1 - Raffles Place,Assist in reviewing architectural and structural designs for commercial upgrades.
558,Ogilvy,Advertising,Digital Content Creator,Communication and Digital Media,1200,Hybrid,12,Video Editing; Social Media,D2 - Tanjong Pagar,Produce engaging short-form video content for client brand campaigns.
559,Keysight Technologies,Electronics,Embedded Systems Engineer,Computer Engineering,1600,On-site,8,C; Firmware Development,D27 - Yishun,Develop low-level firmware for advanced electronic test and measurement equipment.
560,Bandai Namco,Gaming,Tools Programmer Intern,Computer Science in Interactive Media and Game Development,1700,On-site,12,Python; Unity,D5 - One-North,Build custom editor tools to accelerate the 3D level design workflow.
561,Thales,Defense Aerospace,VR/AR Software Developer,Computer Science in Real-Time Interactive Simulation,1900,On-site,8,C++; Virtual Reality,D17 - Changi Business Park,Develop immersive virtual reality interfaces for maritime radar training systems.
562,Shopee,E-Commerce,Cloud Solutions Architect Intern,Computing Science,2800,Hybrid,12,Cloud Infrastructure; Terraform,D5 - Science Park,Design and automate scalable cloud infrastructure for regional e-commerce traffic.
563,National University Hospital,Healthcare,Medical Centre Radiographer,Diagnostic Radiography,1100,On-site,8,CT Scan; Patient Positioning,D5 - Kent Ridge,Assist in performing computed tomography scans and managing patient safety.
564,NTUC Health,Community Healthcare,Polyclinic Dietitian Intern,Dietetics and Nutrition,1100,On-site,12,Nutrition Counseling; Geriatrics,D22 - Jurong West,Provide dietary advice to elderly patients managing hypertension and diabetes.
565,Lucasfilm (ILM),VFX,Concept Artist Intern,Digital Art and Animation,1800,On-site,8,Digital Painting; Photoshop,D5 - One-North,Create environment and prop concept art for upcoming sci-fi television series.
566,FedEx Express,Logistics,Sustainable Sourcing Officer,Digital Supply Chain,1450,Hybrid,12,Sustainability; Supply Chain,D17 - Changi,Evaluate supply chain emissions data to support corporate carbon reduction goals.
567,Schneider Electric,Energy Management,Electronics Design Engineer,Electrical and Electronic Engineering,1700,Hybrid,8,Power Electronics; CAD,D12 - Kallang,Design power distribution panels and perform electrical load calculations.
568,Siemens,Industrial Engineering,Automation Specialist Intern,Electrical and Electronic Engineering Degree (via CSM Pathway),1800,On-site,12,SCADA; PLC,D13 - MacPherson,Implement SCADA systems to monitor and control factory automation processes.
569,Sembcorp Industries,Renewables,Power Generation Engineer,Electrical Power Engineering,1750,On-site,8,Thermal Engineering; SCADA,D22 - Tuas,Monitor power plant performance metrics and assist in maintenance planning.
570,Micron,Semiconductors,Data Analyst Intern,Electronics and Data Engineering,1850,Hybrid,12,Python; Tableau,D25 - Woodlands,Analyze manufacturing yield data to identify patterns and optimize tool performance.
571,LTA,Government,Public Sector Systems Officer,Engineering Systems,1500,Hybrid,8,Systems Engineering; ITS,D11 - Novena,Evaluate requirements and technical specifications for new intelligent transport systems.
572,The Fullerton Hotel,Hospitality,Restaurant Owner Trainee,Food Business Management (Baking and Pastry Arts),1200,On-site,12,F&B Operations; Hospitality,D1 - Raffles Place,Assist in managing daily operations and customer service in a luxury hotel cafe.
573,Odette,F&B Fine Dining,Executive Chef Trainee,Food Business Management (Culinary Arts),1400,On-site,8,Fine Dining; Kitchen Management,D6 - City Hall,Support the preparation and execution of complex French culinary dishes.
574,Abbott Laboratories,Nutrition,Food Microbiologist,Food Technology,1700,On-site,12,Food Microbiology; Quality Assurance,D22 - Tuas,Perform microbial analysis on raw ingredients and finished nutritional products.
575,Marina Bay Sands,Hospitality,Hotel Revenue Analyst,Hospitality and Tourism Management,1400,Hybrid,8,Data Analytics; Revenue Management,D1 - Marina Bay,Analyze booking trends to optimize room rates and maximize hotel revenue.
576,Singtel Trustwave,Cybersecurity,Cybersecurity Specialist,Information and Communications Technology (Information Security),2200,On-site,12,Incident Response; Network Security,D19 - Serangoon,Investigate security alerts and compile incident response reports for clients.
577,Sea Group,Technology,Software Systems Architect,Information and Communications Technology (Software Engineering),3000,Hybrid,8,System Design; Microservices,D5 - Buona Vista,Design scalable backend architectures for new e-commerce platform features.
578,Keppel Infrastructure,Energy,Systems Analyst Intern,Infrastructure and Systems Engineering Degree (via CSM Pathway),1700,Hybrid,12,Data Analysis; Facilities Management,D22 - Jurong Island,Analyze facility performance data to optimize energy consumption and maintenance.
579,Ninja Van,Logistics Tech,Procurement Consultant,Integrated Studies in Technology and Management with Specialisation in Supply Chain,1600,Hybrid,8,Strategic Sourcing; Negotiation,D22 - Jurong,Assist in negotiating vendor contracts and procuring logistics equipment.
580,HP Inc,Manufacturing,Robotics Engineer Intern,Mechanical Design and Manufacturing Engineering,1800,On-site,12,Robotics; Automation,D4 - Depot Road,Program and integrate collaborative robots into the printer assembly line.
581,ExxonMobil,Energy,Marine Mechanical Engineer,Mechanical Engineering,1700,On-site,8,Mechanical Maintenance; Fluid Dynamics,D22 - Jurong Island,Monitor and maintain rotating mechanical equipment at the chemical refinery.
582,DNV,Maritime Classification,Marine Structures Specialist,Naval Architecture and Marine Engineering,1700,Hybrid,12,Structural Analysis; FEA,D5 - Science Park,Review structural designs of offshore platforms for compliance with classification rules.
583,Singapore General Hospital,Healthcare,Nurse Educator Trainee,Nursing,1100,On-site,8,Nursing Education; Clinical Skills,D3 - Outram,Assist in training junior nurses on new clinical procedures and patient care standards.
584,NUHS,Healthcare,Nurse Researcher Intern,Nursing (Pre-registration and Specialty Training),1200,Hybrid,12,Clinical Research; Healthcare,D5 - Kent Ridge,Collect and analyze patient data for ongoing clinical trials in nursing care.
585,St Luke's ElderCare,Community Healthcare,Occupational Therapist Intern,Occupational Therapy,1000,On-site,8,Geriatric Rehab; ADL Training,D20 - Ang Mo Kio,Provide occupational therapy interventions to improve the daily living skills of seniors.
586,GSK,Pharmaceuticals,Pharmaceutical Process Engineer,Pharmaceutical Engineering,1800,On-site,12,Process Optimization; GMP,D22 - Tuas,Analyze process data to optimize the yield of pharmaceutical active ingredients.
587,SingHealth Polyclinics,Healthcare,Community Health Specialist,Physiotherapy,1000,On-site,8,Physiotherapy; Health Promotion,D14 - Geylang,Conduct community exercise classes and promote physical activity among the elderly.
588,National University Hospital,Healthcare,Clinical Treatment Specialist,Radiation Therapy,1100,On-site,12,Radiation Therapy; Patient Care,D5 - Kent Ridge,Deliver precise radiation treatments and monitor oncology patients for side effects.
589,Hope Technik,Engineering,Autonomous Systems Engineer,Robotics Systems,1800,On-site,8,ROS; Sensors,D22 - Penjuru,Integrate and calibrate sensors for custom autonomous mobile robots.
590,AWWA,Social Services,Adult Rehabilitation Therapist,Speech and Language Therapy,1050,On-site,12,Speech Therapy; Rehabilitation,D19 - Lorong Ah Soo,Provide speech and language therapy for adults recovering from traumatic brain injuries.
591,CDL,Real Estate,Energy and Environmental Specialist,Sustainable Built Environment,1600,Hybrid,8,Green Building; Sustainability Reporting,D1 - Raffles Place,Track building energy metrics and assist in preparing corporate ESG reports.
592,Razer,Gaming Tech,UX Researcher,User Experience and Game Design,1600,Hybrid,12,Usability Testing; User Interviews,D5 - One-North,Conduct user interviews to gather feedback on new gaming software interfaces.
593,DBS Bank,Banking,Auditor Intern,Accountancy,1600,Hybrid,8,Internal Audit; Risk Management,D1 - Marina Bay,Assist in auditing internal banking processes to ensure regulatory compliance.
594,ST Engineering Aerospace,Defense Aerospace,Maintenance Planner,Aircraft Systems Engineering,1500,On-site,12,Maintenance Scheduling; Aviation,D14 - Paya Lebar,Plan and schedule aircraft maintenance tasks to optimize hangar utilization.
595,Meta,Technology,AI Application Engineer,Applied Artificial Intelligence,3500,Hybrid,8,Python; Deep Learning,D1 - Marina Bay,Develop computer vision models to enhance augmented reality features on social platforms.
596,Garena,Gaming & Fintech,Data Analyst Intern,Applied Computing (Fintech),2500,Hybrid,12,SQL; Data Visualization,D5 - One-North,Analyze digital wallet transaction data to identify user spending trends.
597,Accenture,Consulting,Systems Analyst Intern,Applied Computing Degree (via CSM Pathway),1800,Hybrid,8,Requirements Gathering; Agile,D1 - Raffles Place,Document user stories and functional specifications for software development projects.
598,SIA,Aviation Transport,Airports Operations Executive,Aviation Management,1600,On-site,12,Aviation Operations; Resource Planning,D17 - Changi,Coordinate ground services and manage gate allocations for arriving flights.
599,IBM,Technology,Business Analyst (BA),Business and Infocomm Technology,2000,Hybrid,8,Business Analysis; Process Mapping,D17 - Changi Business Park,Analyze client business workflows and propose technology-driven process improvements.
600,Micron,Semiconductors,Quality Engineer Intern,Chemical Engineering,1900,On-site,12,Quality Assurance; SPC,D25 - Woodlands,Perform root cause analysis on semiconductor wafer defects using statistical tools.
601,Surbana Jurong,Consulting,Government Agency Engineer,Civil Engineering,1400,On-site,8,Civil Engineering; Site Inspection,D22 - Jurong,Supervise infrastructure construction works and ensure compliance with design specifications.
602,Shopee,E-Commerce,Digital Media Strategist,Communication and Digital Media,1400,Hybrid,12,Digital Marketing; Campaign Management,D5 - Science Park,Plan and execute digital marketing campaigns to drive e-commerce sales.
603,Dyson,Consumer Electronics,Application Engineer Intern,Computer Engineering,2000,On-site,8,Testing; C++,D5 - One-North,Develop automated test frameworks for smart home appliance software.
604,Ubisoft,Gaming,VR/AR Software Developer,Computer Science in Interactive Media and Game Development,1800,On-site,12,Unity; VR,D5 - One-North,Prototype virtual reality gameplay mechanics and user interactions.
605,GovTech,Government,Artificial Intelligence Developer,Computer Science in Real-Time Interactive Simulation,2500,Hybrid,8,Python; Computer Vision,D5 - Buona Vista,Develop AI models to analyze real-time video feeds for smart city applications.
606,AWS,Cloud Computing,Data Scientist Intern,Computing Science,3200,Hybrid,12,Machine Learning; Python; AWS,D1 - CBD,Build predictive machine learning models using AWS cloud services.
607,Raffles Medical Group,Private Healthcare,Hospital Radiographer Intern,Diagnostic Radiography,1200,On-site,8,General Radiography; Patient Care,D7 - Bugis,Perform routine X-ray imaging and ensure patient comfort during procedures.
608,National University Hospital,Healthcare,Long-Term Care Nutrition Specialist,Dietetics and Nutrition,1000,On-site,12,Geriatric Nutrition; Diet Planning,D5 - Kent Ridge,Assess the nutritional needs of elderly patients transitioning to long-term care.
609,Koei Tecmo,Gaming,Concept Artist Intern,Digital Art and Animation,1400,Hybrid,8,Digital Illustration; Concept Design,D5 - One-North,Create character and environment concept art for historical action games.
610,PSA Corporation,Maritime,Demand and Inventory Analyst,Digital Supply Chain,1800,Hybrid,12,Data Analytics; Supply Chain,D5 - Pasir Panjang,Forecast spare parts demand for port equipment maintenance.
611,Continental,Automotive,Power Engineer Intern,Electrical and Electronic Engineering,1750,Hybrid,8,Power Electronics; Circuit Design,D12 - Kallang,Design power management circuits for automotive electronic control units.
612,Makino Asia,Manufacturing,Electrical Systems Engineer,Electrical and Electronic Engineering Degree (via CSM Pathway),1500,On-site,12,Electrical Troubleshooting; CNC,D22 - Gul Way,Troubleshoot electrical faults in CNC machines and assist in panel wiring.
613,Keppel Infrastructure,Energy,Transport Energy Engineer,Electrical Power Engineering,1600,Hybrid,8,Energy Systems; Analysis,D22 - Jurong Island,Analyze the energy consumption of electric vehicle fleets and propose charging solutions.
614,AMD,Semiconductors,Electronics Engineer Intern,Electronics and Data Engineering,2200,Hybrid,12,Hardware Design; Testing,D17 - Changi Business Park,Assist in the design and validation of printed circuit boards for chip testing.
615,DSTA,Defense Tech,Systems Integrator Engineer,Engineering Systems,1800,Hybrid,8,Systems Engineering; Integration,D5 - Science Park,Support the integration and testing of complex defense communication systems.
616,Resorts World Sentosa,Hospitality,Food Media Specialist,Food Business Management (Baking and Pastry Arts),1250,Hybrid,12,Social Media; Photography,D4 - Sentosa,Create visual content and marketing copy for hotel bakery promotions.
617,FairPrice Group,F&B,Culinary Entrepreneur Intern,Food Business Management (Culinary Arts),1200,On-site,8,F&B Operations; Culinary Arts,D1 - Raffles Place,Assist in developing new recipes and standardizing central kitchen processes.
618,Wilmar International,Agri-Food,Product Development Scientist,Food Technology,1500,On-site,12,Food Chemistry; R&D,D7 - Bugis,Formulate new plant-based meat alternatives and conduct sensory evaluations.
619,Klook,Travel Tech,Tourism Bureau Officer,Hospitality and Tourism Management,1500,Hybrid,8,Tourism; Partnerships,D1 - CBD,Liaise with tourism boards to develop exclusive travel experience packages.
620,Ensign InfoSecurity,Cybersecurity,Information Security Analyst,Information and Communications Technology (Information Security),2400,Hybrid,12,Network Security; Splunk,D14 - Paya Lebar,Monitor network logs and identify potential cybersecurity threats for clients.
621,Grab,Technology,Cloud Developer Intern,Information and Communications Technology (Software Engineering),3200,Hybrid,8,Go; Cloud Infrastructure,D5 - One-North,Develop and maintain cloud-native backend services for ride-hailing applications.
622,Changi Airport Group,Aviation,Infrastructure Engineer,Infrastructure and Systems Engineering Degree (via CSM Pathway),1600,On-site,12,Infrastructure Management; AutoCAD,D17 - Changi,Assist in managing maintenance contracts for airport terminal infrastructure.
623,L'Oreal,FMCG,Tech-Management Specialist,Integrated Studies in Technology and Management with Specialisation in Supply Chain,1700,Hybrid,8,Data Analytics; Supply Chain,D1 - Raffles Place,Implement digital dashboards to track and optimize cosmetics supply chain performance.
624,Hyundai Motor Group,Automotive,Manufacturing Engineer Intern,Mechanical Design and Manufacturing Engineering,2000,On-site,12,Lean Manufacturing; Automation,D22 - Jurong,Optimize assembly line layouts and automate material handling processes.
625,SMRT,Transport,Smart Maintenance Engineer,Mechanical Engineering,1600,On-site,8,Predictive Maintenance; Mechanical Engineering,D20 - Bishan,Implement condition monitoring sensors on train mechanical components.
626,Seatrium,Marine,Offshore Hydrodynamics Engineer,Naval Architecture and Marine Engineering,1600,On-site,12,Hydrodynamics; Simulation,D22 - Tuas,Analyze the hydrodynamic performance of offshore platforms using CFD software.
627,Tan Tock Seng Hospital,Healthcare,Nurse Clinician Trainee,Nursing,1100,On-site,8,Clinical Nursing; Patient Care,D11 - Novena,Provide direct patient care and assist with medical procedures in medical wards.
628,NUHS,Healthcare,Nurse Specialist Trainee,Nursing (Pre-registration and Specialty Training),1200,On-site,12,Specialty Nursing; Oncology,D5 - Kent Ridge,Assist in administering chemotherapy and providing specialized care for oncology patients.
629,Gleneagles Hospital,Healthcare,Rehabilitation Specialist Intern,Occupational Therapy,1100,On-site,8,Occupational Therapy; Rehabilitation,D10 - Tanglin,Provide post-surgical rehabilitation therapy to help patients regain independence.
630,Takeda,Pharmaceuticals,Biotechnology Specialist Intern,Pharmaceutical Engineering,1750,On-site,12,Biomanufacturing; Cell Culture,D25 - Woodlands,Support upstream bioprocessing operations for recombinant protein production.
631,Singapore Sports Institute,Sports,Hospital Physiotherapist Intern,Physiotherapy,1100,On-site,8,Sports Rehab; Physiotherapy,D14 - Kallang,Assist in rehabilitating sports injuries using specialized physiotherapy equipment.
632,National Cancer Centre,Healthcare,Medical Centre Radiation Therapist,Radiation Therapy,1100,On-site,12,Radiation Therapy; Patient Setup,D3 - Outram,Ensure accurate patient positioning and deliver radiation therapy treatments.
633,ST Engineering,Robotics,Automation and Controls Specialist,Robotics Systems,2200,On-site,8,Control Systems; PLC,D22 - Jurong,Design and program control systems for automated defense logistics vehicles.
634,Singapore General Hospital,Healthcare,Clinical Speech Therapist Intern,Speech and Language Therapy,1100,On-site,12,Speech Therapy; Dysphagia,D3 - Outram,Evaluate and treat swallowing disorders in adult inpatients.
635,CapitaLand,Real Estate,Green Building Consultant,Sustainable Built Environment,1550,Hybrid,8,Green Mark; Sustainability,D1 - Raffles Place,Assist in implementing sustainable building practices across commercial properties.
636,Garena,Gaming,UX Researcher,User Experience and Game Design,1700,Hybrid,12,User Research; Playtesting,D5 - One-North,Gather and analyze player feedback to improve mobile game user interfaces.
637,KPMG,Consulting,Chartered Accountant Intern,Accountancy,1350,Hybrid,8,Audit; Financial Accounting,D2 - Tanjong Pagar,Perform statutory audits and verify financial records for corporate clients.
638,Rolls-Royce,Aviation,Fleet Manager Intern,Aircraft Systems Engineering,1800,Hybrid,12,Data Analytics; Aviation,D28 - Seletar,Analyze engine performance data to optimize aircraft fleet maintenance schedules.
639,A*STAR,Research,Data Engineer (Machine Learning Specialist),Applied Artificial Intelligence,2200,On-site,8,Python; Data Engineering,D5 - One-North,Build data pipelines to process large-scale datasets for AI research projects.
640,Wise,Fintech,Data Analyst Intern,Applied Computing (Fintech),3000,Hybrid,12,SQL; Data Analysis,D2 - Tanjong Pagar,Analyze cross-border transaction data to detect patterns and improve service reliability.
641,Synapxe,Healthtech,Cloud Solutions Specialist,Applied Computing Degree (via CSM Pathway),1700,Hybrid,8,Cloud Computing; Healthcare IT,D5 - One-North,Assist in managing and securing cloud infrastructure for national healthcare systems.
642,FedEx Express,Logistics,Aviation Business Specialist,Aviation Management,1450,On-site,12,Aviation Logistics; Operations,D17 - Changi,Support air cargo operations and manage relations with ground handling vendors.
643,PwC,Consulting,Enterprise Architect Intern,Business and Infocomm Technology,1500,Hybrid,8,Enterprise Architecture; IT Strategy,D1 - Raffles Place,Assist in mapping IT system landscapes and developing digital transformation strategies.
644,GSK,Pharmaceuticals,Process Engineer Intern,Chemical Engineering,1600,On-site,12,Chemical Processing; Optimization,D22 - Tuas,Monitor and optimize pharmaceutical manufacturing processes to improve yield.
645,HDB,Government,Property Development Specialist,Civil Engineering,1400,On-site,8,Project Management; Construction,D12 - Toa Payoh,Assist in managing the construction progress and quality of public housing projects.
646,Mediacorp,Media,Branding Specialist Intern,Communication and Digital Media,1100,Hybrid,12,Brand Management; Marketing,D5 - One-North,Support the development of marketing collateral to promote television programs.
647,Synopsys,Semiconductor EDA,Application Engineer Intern,Computer Engineering,1900,Hybrid,8,EDA Tools; Semiconductor Design,D5 - One-North,Provide technical support to customers using electronic design automation software.
648,Mighty Bear Games,Gaming,VR/AR Software Developer,Computer Science in Interactive Media and Game Development,1500,Hybrid,12,Unity; AR Development,D1 - CBD,Develop augmented reality features for mobile multiplayer games.
649,Bandai Namco,Gaming,Artificial Intelligence Developer,Computer Science in Real-Time Interactive Simulation,1900,On-site,8,C++; Game AI,D5 - One-North,Program complex non-player character (NPC) behaviors using AI state machines.
650,Standard Chartered,Banking,Software Engineer Intern,Computing Science,2100,Hybrid,12,Java; Backend Development,D1 - Marina Bay,Develop and maintain backend services for corporate banking platforms.
651,Sengkang General Hospital,Healthcare,Clinical Diagnostic Radiographer,Diagnostic Radiography,1100,On-site,8,General Radiography; Patient Care,D19 - Sengkang,Perform general diagnostic imaging and maintain patient safety protocols.
652,NTUC Health,Community Healthcare,Clinical Dietitian Intern,Dietetics and Nutrition,1100,On-site,12,Clinical Nutrition; Diet Planning,D22 - Jurong West,Design and implement therapeutic diets for elderly residents in nursing homes.
653,Lemon Sky Studios,Animation,Technical Artist Intern,Digital Art and Animation,1300,Hybrid,8,Maya; Rigging,D1 - CBD,Develop character rigs and streamline animation workflows for 3D production.
654,PSA Corporation,Maritime,Supply Chain Analyst Intern,Digital Supply Chain,1800,On-site,12,Data Analytics; Supply Chain,D5 - Pasir Panjang,Analyze port operations data to improve container stacking and retrieval efficiency.
